Vehicle.Make,Freq,Vehicle.Make,Freq
FORD,1324774,FORD,1324774
TOYOT,1154790,TOYOT,1154790
HONDA,1014074,HONDA,1014074
NISSA,834833,NISSA,834833
CHEVR,759663,CHEVR,759663
FRUEH,423590,FRUEH,423590
ME/BE,362575,ME/BE,362575
DODGE,359203,OTHER,4752595
BMW,353303,,
JEEP,302513,,
INTER,285078,,
GMC,282250,,
HYUND,266088,,
LEXUS,238846,,
ACURA,193039,,
CHRYS,186159,,
VOLKS,183602,,
INFIN,158301,,
NS/OT,136078,,
SUBAR,130598,,
ISUZU,123733,,
AUDI,123703,,
MITSU,108494,,
MAZDA,104432,,
LINCO,103822,,
HINO,99459,,
KIA,98040,,
CADIL,85540,,
MERCU,77175,,
VOLVO,76708,,
,63578,,
ROVER,60906,,
WORKH,44655,,
KENWO,43845,,
BUICK,39685,,
PETER,37505,,
MACK,26999,,
PONTI,24084,,
MINI,23533,,
PORSC,22454,,
SATUR,22168,,
SMART,18953,,
JAGUA,14317,,
UD,14107,,
WORK,13606,,
FIAT,13228,,
SAAB,11581,,
UTIL,10998,,
MI/F,10141,,
SUZUK,9816,,
STERL,8811,,
VANHO,7318,,
OLDSM,6827,,
SCION,6133,,
VESPA,5610,,
MASSA,5195,,
MCI,5130,,
PLYMO,4897,,
KAWAS,4678,,
HUMME,4654,,
YAMAH,4247,,
HARLE,3810,,
UPS,3205,,
TRAIL,2703,,
IC,2132,,
TRIUM,1996,,
KW,1972,,
SPRI,1891,,
FERRA,1887,,
FONTA,1869,,
GEO,1845,,
BENTL,1618,,
THOMA,1615,,
PREVO,1594,,
NAVIS,1548,,
GREAT,1449,,
DUCAT,1388,,
WO/C,1371,,
VPG,1258,,
SMITH,1227,,
CHECK,1132,,
STARC,824,,
HIN,822,,
UTILI,797,,
TESL,796,,
WHITE,794,,
STAR,789,,
MER,704,,
EAST,649,,
UT/M,636,,
DORSE,590,,
FHTL,578,,
LND,563,,
FRIE,545,,
FR/LI,528,,
LA RO,526,,
PREV,482,,
GIDNY,470,,
TESLA,461,,
UNIFL,461,,
VA/H,450,,
HUMBE,449,,
WO/H,446,,
FUSO,417,,
BL/B,389,,
ORION,389,,
JENSE,376,,
SOLEC,375,,
BL/BI,373,,
KENTU,360,,
UNIV,360,,
BERTO,355,,
GRUMM,351,,
ROLLS,332,,
DAEWO,327,,
ANCIA,307,,
FRH,301,,
DIAMO,295,,
FRT,283,,
FR/L,272,,
KENW,266,,
PET,266,,
AUTOC,264,,
WH,261,,
FRLN,260,,
THEUR,260,,
PIAGG,257,,
FRIEG,255,,
AUSTI,249,,
AMC,248,,
FRGHT,247,,
VAN H,239,,
FREG,236,,
WK/H,236,,
FT/LI,227,,
FRD,220,,
MG,215,,
LAMBO,206,,
MICKE,205,,
FL,202,,
RO/R,199,,
FRIG,191,,
SUNBE,188,,
WO/CH,180,,
VAN,176,,
LOTUS,171,,
VN/H,169,,
WO/HO,166,,
DATSU,163,,
FRGH,163,,
WABAS,162,,
ALFAR,160,,
STRIC,160,,
AS/M,156,,
TRLR,153,,
TLR,149,,
FRTL,144,,
BRIDG,139,,
JINO,139,,
FR LI,131,,
NE/FL,126,,
STUDE,126,,
BLUE,123,,
FEDEX,123,,
KYMCO,123,,
COLLI,121,,
VANH,121,,
HIGHW,119,,
FR,115,,
TRL,114,,
MORGA,113,,
AERO,109,,
TES,109,,
L R,108,,
OTHR,105,,
CUST,101,,
AJAX,100,,
MAS,98,,
VA/HO,97,,
CITRO,96,,
WAB,96,,
FRIGH,93,,
KI/M,93,,
PEUGE,91,,
MI FU,90,,
CHER,87,,
STL,85,,
RENAU,84,,
GRUEH,83,,
APRIL,82,,
GILL,82,,
UTI,82,,
WANC,82,,
INTR,81,,
RTS,81,,
SMA,81,,
STE,81,,
TRUCK,81,,
INTEL,79,,
BLUEB,76,,
STR,76,,
G DAN,75,,
F/L,74,,
GREIG,74,,
M-B,73,,
SETR,73,,
MAGIR,72,,
GD,71,,
ALEXA,70,,
MINIC,70,,
WE/ST,68,,
FERIG,66,,
SEMI,66,,
FRG,65,,
AM/TR,64,,
CIMC,64,,
MICK,64,,
ST/A,64,,
AM/T,62,,
PB,62,,
CORBE,60,,
HYTR,60,,
WINN,60,,
GRE,58,,
TEMS,58,,
ELDO,57,,
AMTR,56,,
PETE,56,,
FT,55,,
ADD,53,,
KTM,53,,
WO HO,53,,
AL/R,52,,
UNIVE,52,,
OSHKO,51,,
WV,50,,
TRAC,49,,
WINNE,48,,
BUS,47,,
COLL,47,,
WORTH,47,,
HIND,46,,
REFG,46,,
WOR,46,,
K W,45,,
TR/TE,45,,
STRI,44,,
TRAN,44,,
NEWFL,43,,
MINC,42,,
MOTOR,42,,
DELV,41,,
FREGH,41,,
INTIL,41,,
WKHRS,41,,
WRKHR,41,,
BERI,40,,
SCIO,40,,
CHY,39,,
FR LN,39,,
MIC,39,,
NO/BU,39,,
KENI,38,,
GOV,37,,
PEDIC,37,,
ST/Q,37,,
WES,37,,
WRK H,37,,
DEMA,36,,
FT LI,36,,
HINI,36,,
ORIO,36,,
AMTRA,35,,
INIFI,35,,
MO/V,35,,
WO CH,35,,
CASE,34,,
FRGT,34,,
MASE,34,,
MOTOG,34,,
WKHS,34,,
FREGT,33,,
FRLI,33,,
FT/L,33,,
G D,33,,
KRYS,33,,
SKODA,33,,
TITAN,33,,
BSA,32,,
KENMO,32,,
MCY,32,,
TNTE,32,,
UHAUL,32,,
WKH,32,,
ANKA,31,,
BEN,31,,
GRD,31,,
ME,31,,
RYDER,31,,
SYM,31,,
VICTO,31,,
KI/MO,30,,
PTRB,29,,
WABA,29,,
AM/C,28,,
FRI,28,,
HNO,28,,
INTI,28,,
MU,28,,
TOMOS,28,,
WEST,28,,
WRKHS,28,,
INET,27,,
PRE,27,,
UNCB,27,,
BMW.,26,,
CAT,26,,
GENES,26,,
KENO,26,,
WHOR,26,,
CA/AM,25,,
FR/LN,25,,
FREIH,25,,
FRL,25,,
KN,25,,
PROVO,25,,
WORH,25,,
GSCR,24,,
HERCU,24,,
IZ,24,,
PREO,24,,
SIMCA,24,,
VESP,24,,
ACADE,23,,
FOD,23,,
GILLI,23,,
MOTO,23,,
SMAR,23,,
UNK,23,,
UT/MA,23,,
WRKHO,23,,
AIRST,22,,
CORB,22,,
EZL,22,,
KENSW,22,,
ST/CR,22,,
THOMS,22,,
VA HO,22,,
ZUMA,22,,
FTL,21,,
GE/C,21,,
KENT,21,,
MAYB,21,,
MCLA,21,,
RA RO,21,,
ST/QU,21,,
TRA,21,,
WORKV,21,,
AM/G,20,,
LA/RD,20,,
NAVI,20,,
NEWF,20,,
OPEL,20,,
PONTA,20,,
SHENK,20,,
TRIM,20,,
TURT,20,,
CHV,19,,
FROD,19,,
GREY,19,,
K/W,19,,
KAUFM,19,,
MO/GU,19,,
NS,19,,
PTB,19,,
SMRT,19,,
SUKU,19,,
TEMSA,19,,
VES,19,,
WOKH,19,,
WORKS,19,,
WRK,19,,
ZIM,19,,
FREI,18,,
FRIEH,18,,
GENUI,18,,
H D,18,,
HENO,18,,
INFIT,18,,
SPECT,18,,
ST/AL,18,,
UTILM,18,,
AL/D,17,,
ALMAC,17,,
BUSI,17,,
COACH,17,,
FHRT,17,,
FR/LT,17,,
HODN,17,,
METRO,17,,
WAYN,17,,
WOHO,17,,
CHEET,16,,
CUB C,16,,
DELOR,16,,
EAMC,16,,
GNC,16,,
HYDI,16,,
INDIA,16,,
KENIL,16,,
KIA M,16,,
KIDRO,16,,
MAXON,16,,
PTR,16,,
RA/R,16,,
SIER,16,,
TAOTA,16,,
ULTR,16,,
DIAHA,15,,
DUC,15,,
DUCA,15,,
FGHT,15,,
FRTLI,15,,
GLBEN,15,,
GRDN,15,,
HEIL,15,,
HUD,15,,
HUN,15,,
IFIN,15,,
MICRO,15,,
ROCK,15,,
SOMET,15,,
W/H,15,,
AC,14,,
BL BI,14,,
BRIC,14,,
CH,14,,
CHYR,14,,
COMM,14,,
GEM,14,,
HACK,14,,
HOME,14,,
ITNE,14,,
JO/DE,14,,
KAUF,14,,
MI,14,,
OLDMO,14,,
WE/S,14,,
WK,14,,
CHT,13,,
COAC,13,,
COTTR,13,,
F/V,13,,
FG,13,,
FONA,13,,
GDAVE,13,,
HACKN,13,,
IL,13,,
INETR,13,,
INTIN,13,,
INTZ,13,,
ISZ,13,,
JOHNS,13,,
M,13,,
SATUN,13,,
ST/AC,13,,
STRAC,13,,
STRL,13,,
SUPR,13,,
TR/T,13,,
TRACT,13,,
TU/T,13,,
UT,13,,
UTILT,13,,
UTL,13,,
VANCO,13,,
BENSO,12,,
BUELL,12,,
DELIV,12,,
DORS,12,,
EAS,12,,
FGT,12,,
FR L,12,,
GRU,12,,
GV,12,,
HURI,12,,
INTN,12,,
JONWA,12,,
KID,12,,
KINO,12,,
MCIN,12,,
MEI,12,,
MI/FV,12,,
PROV,12,,
PTRBL,12,,
R/R,12,,
REYCO,12,,
TEX,12,,
TRITO,12,,
US,12,,
UTIM,12,,
VAHOO,12,,
VOVL,12,,
WIN,12,,
WK/HS,12,,
APP,11,,
FED E,11,,
FEDE,11,,
FI/LI,11,,
FLEE,11,,
FRLIN,11,,
FRLT,11,,
GN,11,,
GRUM,11,,
IFINI,11,,
INTE,11,,
JINDO,11,,
JINOD,11,,
KENS,11,,
KIA.,11,,
LADA,11,,
LODC,11,,
NISN,11,,
PIA,11,,
POLAR,11,,
SAA.,11,,
SLING,11,,
SUMMI,11,,
VAHO,11,,
ALEXD,10,,
CONTA,10,,
CUBCA,10,,
ELD,10,,
F L,10,,
FEIGH,10,,
FHR,10,,
FHTC,10,,
FLINE,10,,
FREIT,10,,
FTLI,10,,
GARDE,10,,
GLA,10,,
GRAND,10,,
INIFN,10,,
KEMWO,10,,
L/R,10,,
LDV,10,,
OLS,10,,
OSHIK,10,,
REIG,10,,
UTM,10,,
WCC,10,,
WH/G,10,,
1,9,,
BALAN,9,,
CRYST,9,,
DHL,9,,
FREGI,9,,
GMC.,9,,
GO,9,,
GRN,9,,
GRT D,9,,
H,9,,
HOMEM,9,,
J J,9,,
KEN W,9,,
LA,9,,
LAR,9,,
LIEBH,9,,
LINO,9,,
MAC T,9,,
MAJE,9,,
MAYBA,9,,
MERE,9,,
MON,9,,
TIBRO,9,,
VWGN,9,,
WH/GM,9,,
WORKI,9,,
WS,9,,
YALE,9,,
BL/BL,8,,
CHTH,8,,
COPE,8,,
FHT,8,,
FREHT,8,,
GRAY,8,,
GRT,8,,
GSB,8,,
GSC,8,,
HINOD,8,,
HOLI,8,,
JMSTA,8,,
LEUXS,8,,
MA,8,,
MAROO,8,,
MAZER,8,,
METZ,8,,
MHS,8,,
MIN C,8,,
MONN,8,,
MS,8,,
MSI,8,,
OLD M,8,,
OMNIB,8,,
OTTAW,8,,
P/B,8,,
PGO,8,,
PIAG,8,,
RAN/R,8,,
STRA,8,,
STRG,8,,
U HAU,8,,
UP,8,,
VULCA,8,,
W,8,,
WAYNE,8,,
WHT,8,,
WKHOR,8,,
WOLKS,8,,
ACUA,7,,
AZUR,7,,
BL/BD,7,,
BLBI,7,,
BLK,7,,
CHEYS,7,,
CITC,7,,
COM,7,,
COT,7,,
CUB,7,,
DONGF,7,,
DOWN,7,,
EID,7,,
FAST,7,,
FEIG,7,,
FIBE,7,,
FIBER,7,,
FN,7,,
FORS,7,,
FREOG,7,,
FRIEI,7,,
FT/LR,7,,
FTLR,7,,
GROVE,7,,
H/D,7,,
HAMME,7,,
HAULM,7,,
HINDO,7,,
HYDU,7,,
I,7,,
JIS,7,,
KENCO,7,,
KEW,7,,
LX,7,,
MACT,7,,
MAGEL,7,,
MCA,7,,
MD,7,,
MIST,7,,
OTTA,7,,
PETR,7,,
PONIA,7,,
POTIA,7,,
R R,7,,
R ROV,7,,
RAN,7,,
REINK,7,,
SCAN,7,,
SCI,7,,
STELL,7,,
SUP,7,,
SUPRE,7,,
TA/TA,7,,
UD/N,7,,
VA/P,7,,
VD,7,,
VW,7,,
WAS,7,,
WE ST,7,,
WO/HS,7,,
YANH,7,,
ZHNG,7,,
ALERO,6,,
ARMOR,6,,
BASHA,6,,
BIG T,6,,
BRICK,6,,
CADII,6,,
CANAM,6,,
COL,6,,
CONV,6,,
COURI,6,,
DOR,6,,
DURA,6,,
F/D,6,,
FARBE,6,,
FL/LR,6,,
FLIN,6,,
FON,6,,
FONT,6,,
FONTI,6,,
FPR,6,,
FR/LR,6,,
FREIC,6,,
FRF,6,,
FRLNR,6,,
FRLR,6,,
FRT L,6,,
FT/LT,6,,
GE/M,6,,
GREIC,6,,
GW,6,,
HINOT,6,,
HONE,6,,
HUDI,6,,
HYUN,6,,
I C,6,,
ICCO,6,,
IMPE,6,,
LAND/,6,,
MANAC,6,,
MASTE,6,,
MCE,6,,
MICR,6,,
MONON,6,,
MOT,6,,
MVI,6,,
N/S,6,,
NFIN,6,,
OLD S,6,,
OMR,6,,
POINT,6,,
POSC,6,,
PSD,6,,
PUCH,6,,
RANE,6,,
RHINO,6,,
ROAD,6,,
ROCKP,6,,
SCOOT,6,,
SEABO,6,,
STECO,6,,
SUNLI,6,,
TALBE,6,,
TRAI,6,,
TRSG,6,,
TRUC,6,,
UTMA,6,,
VN,6,,
W/HO,6,,
WABUS,6,,
WB,6,,
WINNI,6,,
WOCH,6,,
XL,6,,
1C,5,,
ABART,5,,
ACL,5,,
ACURE,5,,
AL/DE,5,,
ALLEG,5,,
ANKAI,5,,
APRI,5,,
AURA,5,,
AZ,5,,
BAY C,5,,
BAYLI,5,,
BENTI,5,,
BERIN,5,,
BOUN,5,,
BOX,5,,
BUCK,5,,
BUDDY,5,,
CADA,5,,
CAN A,5,,
CARAV,5,,
CFMOT,5,,
CHRY,5,,
CUSHM,5,,
DIVC,5,,
DOOLI,5,,
EASY,5,,
ELDER,5,,
F V,5,,
FAIL,5,,
FEDER,5,,
FEHT,5,,
FER,5,,
FHTR,5,,
FISK,5,,
FLI,5,,
FO/W,5,,
FRE L,5,,
FRED,5,,
FREIF,5,,
FRIGT,5,,
FRN,5,,
FTLNR,5,,
FUS,5,,
GDAE,5,,
GIL,5,,
GLLG,5,,
GREA,5,,
HARVE,5,,
HEI,5,,
HERC,5,,
HINOF,5,,
HOMES,5,,
HOOL,5,,
HUSQV,5,,
HUT,5,,
HUYUN,5,,
ICRP,5,,
IINFI,5,,
IINTE,5,,
IND,5,,
INFI,5,,
INFII,5,,
INFNI,5,,
INFT,5,,
INTY,5,,
IS,5,,
ITAS,5,,
ITNL,5,,
J AND,5,,
JAYCO,5,,
JMH,5,,
KENN,5,,
KIN,5,,
LANDO,5,,
LEXU,5,,
LIMO,5,,
MAR,5,,
MBSP,5,,
MINT,5,,
MO/O,5,,
MONO,5,,
MSA,5,,
MSE,5,,
MZ,5,,
NDMC,5,,
NEAP,5,,
NEW,5,,
NORTH,5,,
NW,5,,
OLDM,5,,
PRINC,5,,
R/ROV,5,,
REC,5,,
REIT,5,,
RIDER,5,,
ROLDA,5,,
RONGE,5,,
RW,5,,
SATRU,5,,
SCHI,5,,
SCIM,5,,
SMR,5,,
SOLBC,5,,
SPEC,5,,
ST,5,,
ST/C,5,,
SUARU,5,,
SYSCO,5,,
TAL,5,,
TE/AD,5,,
THO,5,,
TONGH,5,,
TOUO,5,,
TOYA,5,,
TR LR,5,,
TRAO,5,,
TUSCA,5,,
TY,5,,
UD TR,5,,
UNH,5,,
URAL,5,,
UTLIT,5,,
VINO,5,,
VOK,5,,
VOLK,5,,
VOLKA,5,,
VOLLK,5,,
VOLV,5,,
W H,5,,
W HOR,5,,
WELLS,5,,
WINO,5,,
WKHR,5,,
WO,5,,
WO H,5,,
WW,5,,
YW,5,,
.,4,,
2,4,,
A,4,,
ACIRA,4,,
ACYRA,4,,
ADVAN,4,,
AJAY,4,,
APOL,4,,
ASTO,4,,
ASTR,4,,
AUT,4,,
BELL,4,,
BLU,4,,
BOX T,4,,
CADIA,4,,
CAMR,4,,
CARRY,4,,
CFHG,4,,
CHAR,4,,
CHRUS,4,,
CHRV,4,,
CHVE,4,,
COLT,4,,
CR/CA,4,,
CRANE,4,,
CROWL,4,,
DON,4,,
DORSC,4,,
ELDE,4,,
EVERE,4,,
EVOBU,4,,
FALCO,4,,
FFREI,4,,
FLORE,4,,
FNT,4,,
FOUNT,4,,
FRE/L,4,,
FREID,4,,
FREIN,4,,
FRESH,4,,
FREUG,4,,
FREY,4,,
FRIC,4,,
G DAR,4,,
GDN,4,,
GE,4,,
GIND,4,,
GIVI,4,,
GREG,4,,
GRIFF,4,,
GRIGH,4,,
GRY,4,,
HA DA,4,,
HA/D,4,,
HALD,4,,
HCEV,4,,
HINOI,4,,
HINOR,4,,
HIO,4,,
HR,4,,
HRI,4,,
HUDAI,4,,
HUYN,4,,
INER,4,,
INFL,4,,
INFTI,4,,
INT H,4,,
INTEN,4,,
ISUZ,4,,
JD,4,,
JJ,4,,
K,4,,
KAWAH,4,,
KENNO,4,,
KENOW,4,,
KEWO,4,,
KIM,4,,
KING,4,,
KRAFT,4,,
KRUZ,4,,
KRYST,4,,
KYM,4,,
LA/RG,4,,
LAMO,4,,
LBT,4,,
LEXYS,4,,
LI,4,,
LJR,4,,
LR/RR,4,,
LRO,4,,
MACKB,4,,
MARCU,4,,
MCL,4,,
MCLAR,4,,
ME/BN,4,,
MERCI,4,,
MERED,4,,
MI/FI,4,,
MI/FL,4,,
MI/FN,4,,
MIDA,4,,
MILFU,4,,
MIM,4,,
MK,4,,
MNN,4,,
MO/CH,4,,
MOPED,4,,
MURC,4,,
MVAGU,4,,
ND,4,,
NEMF,4,,
NEO,4,,
NINGB,4,,
NINO,4,,
NLS,4,,
NSOT,4,,
NVS,4,,
NWF,4,,
OK,4,,
ONEAL,4,,
OTH,4,,
PERER,4,,
PETRB,4,,
PICK,4,,
PL/W,4,,
PRVT,4,,
PURS,4,,
QIANJ,4,,
RNG R,4,,
RO/RU,4,,
SATUM,4,,
SHORE,4,,
SMOKE,4,,
SNOW,4,,
SOLER,4,,
SPAR,4,,
SPR,4,,
SPRN,4,,
STA,4,,
STARK,4,,
STOU,4,,
STOUG,4,,
SURAR,4,,
SUVA,4,,
THEO,4,,
TI BR,4,,
TIT,4,,
TODCO,4,,
TOU,4,,
TOURE,4,,
TR/LI,4,,
TRACK,4,,
TRAL,4,,
TRLK,4,,
UIT,4,,
UNI,4,,
UNTER,4,,
V,4,,
V-W,4,,
VANGU,4,,
VENOX,4,,
VHOOL,4,,
VIS,4,,
VO/W,4,,
VOLCA,4,,
VOLTS,4,,
VOLZW,4,,
WK HR,4,,
WK/HR,4,,
WKRH,4,,
WOKRH,4,,
WOR H,4,,
WRKS,4,,
WT,4,,
YAH,4,,
YAHA,4,,
YAMAT,4,,
ZERO,4,,
15,3,,
A3,3,,
ACC,3,,
ACUDI,3,,
ACUER,3,,
ACUR,3,,
AEROM,3,,
ALE,3,,
AMT,3,,
AMTHO,3,,
APR,3,,
ATHEY,3,,
AVCO,3,,
BAM,3,,
BASH,3,,
BEACO,3,,
BENJO,3,,
BENS,3,,
BER,3,,
BETT,3,,
BL,3,,
BLBRD,3,,
BMWQ,3,,
BMX,3,,
BNZ,3,,
BOAT,3,,
BRN,3,,
BRWN,3,,
BUDGE,3,,
BURGM,3,,
C,3,,
CA,3,,
CA/ST,3,,
CABC,3,,
CADDL,3,,
CAIL,3,,
CAILL,3,,
CARMA,3,,
CASCA,3,,
CASDI,3,,
CAYEN,3,,
CEHV,3,,
CENTE,3,,
CHAM,3,,
CHAS,3,,
CHEB,3,,
CHEY,3,,
CHRLS,3,,
CHRO,3,,
CHRYE,3,,
CHRYY,3,,
CHYRY,3,,
CIACO,3,,
CLD,3,,
CRONK,3,,
CURA,3,,
CUTL,3,,
CVEV,3,,
DAIXI,3,,
DECAM,3,,
DEL,3,,
DI/CA,3,,
DOG,3,,
DONG,3,,
EA/BE,3,,
EAM,3,,
ELKH,3,,
ERA,3,,
EZ/D,3,,
F,3,,
F LIN,3,,
F U,3,,
F-LIN,3,,
F0R,3,,
FABRI,3,,
FARB,3,,
FDR,3,,
FE/LE,3,,
FELLE,3,,
FEREI,3,,
FHLT,3,,
FHTZ,3,,
FISKE,3,,
FLTR,3,,
FNE,3,,
FR HT,3,,
FR LT,3,,
FREDI,3,,
FREII,3,,
FREIO,3,,
FREN,3,,
FRET,3,,
FRHL,3,,
FRNT,3,,
FRRV,3,,
FT LR,3,,
FT-LI,3,,
FTHL,3,,
FUZO,3,,
G DAE,3,,
G DAV,3,,
GA,3,,
GADIL,3,,
GBM,3,,
GC,3,,
GCA,3,,
GDA,3,,
GEN,3,,
GENVI,3,,
GLAV,3,,
GML,3,,
GMV,3,,
GR,3,,
GRISO,3,,
GURMA,3,,
HAD,3,,
HARDL,3,,
HINIO,3,,
HINK,3,,
HINO.,3,,
HION,3,,
HND,3,,
HOLID,3,,
HONA,3,,
HONO,3,,
HOWAR,3,,
HRYS,3,,
HTYR,3,,
HTYUN,3,,
HUTCH,3,,
HVT,3,,
HYIND,3,,
HYLAN,3,,
HYNDS,3,,
HYNO,3,,
HYUNN,3,,
IFNIN,3,,
INEI,3,,
INERN,3,,
INFIL,3,,
INIF,3,,
INL,3,,
INT L,3,,
ISUA,3,,
IT,3,,
IZUZO,3,,
IZZU,3,,
JAYC,3,,
JEWEL,3,,
JIND,3,,
JW,3,,
KARA,3,,
KEM,3,,
KENDA,3,,
KENNE,3,,
KENTW,3,,
KENWH,3,,
KENWN,3,,
KEWNO,3,,
KIDNO,3,,
KIIA,3,,
KNNW,3,,
KNWO,3,,
KRAFS,3,,
KRY,3,,
KYMC,3,,
KYMLO,3,,
LA RA,3,,
LA.RO,3,,
LAIRO,3,,
LANCE,3,,
LAROV,3,,
LDR,3,,
LE/RO,3,,
LEXCU,3,,
LOA,3,,
LW,3,,
M.B,3,,
MAERS,3,,
MAJES,3,,
MAN,3,,
MANA,3,,
MASSE,3,,
MAX F,3,,
MAY,3,,
MBEN,3,,
MECO,3,,
MERC,3,,
MERUR,3,,
MERY,3,,
MET,3,,
MI /F,3,,
MI/SU,3,,
MICKA,3,,
MINO,3,,
MITF,3,,
MIU,3,,
MLI,3,,
MN,3,,
MOTIV,3,,
MOTOC,3,,
MR/B,3,,
MT,3,,
MV,3,,
MVON,3,,
N/A,3,,
NE/F,3,,
NEON,3,,
NH,3,,
NIMO,3,,
NINJA,3,,
NISAA,3,,
NITER,3,,
NYMA,3,,
OMCI,3,,
PENSK,3,,
PERE,3,,
PERTE,3,,
PEVO,3,,
PIAGI,3,,
PORSO,3,,
POTI,3,,
POTIC,3,,
PRIMO,3,,
PTR B,3,,
PTRBT,3,,
PU,3,,
PURSU,3,,
R,3,,
RA,3,,
RAD,3,,
RANG/,3,,
RCI,3,,
RE,3,,
REIGT,3,,
RIA,3,,
RINO,3,,
ROC,3,,
ROGER,3,,
ROKET,3,,
ROLDE,3,,
RUTER,3,,
S,3,,
SANYA,3,,
SATRC,3,,
SCRAM,3,,
SERT,3,,
SERTA,3,,
SOLCE,3,,
SOLIC,3,,
SP/TE,3,,
SPART,3,,
SPID,3,,
SPINT,3,,
SPORT,3,,
SRX,3,,
STAK,3,,
STARQ,3,,
STARR,3,,
STAUR,3,,
STN,3,,
SU,3,,
SUABA,3,,
SUBI,3,,
SUBY,3,,
SUNNY,3,,
SUNSE,3,,
SURB,3,,
SURBA,3,,
SYBAR,3,,
TADAN,3,,
TAOI,3,,
TAXZ,3,,
TELSA,3,,
TEREX,3,,
TESCA,3,,
THINW,3,,
TICO,3,,
TK,3,,
TLBRO,3,,
TNT,3,,
TOMO,3,,
TONSH,3,,
TPYPT,3,,
TRK,3,,
TRT,3,,
TRUM,3,,
TURTL,3,,
TUS,3,,
TYOO,3,,
U/D,3,,
UD UT,3,,
UHAL,3,,
UITIL,3,,
UITL,3,,
ULTI,3,,
UNDER,3,,
UNKNO,3,,
UPG,3,,
UPS T,3,,
UT MA,3,,
UTICA,3,,
UTILL,3,,
UTILY,3,,
UTIMA,3,,
UTITY,3,,
UTLIM,3,,
UW,3,,
VA H,3,,
VAMAT,3,,
VAN G,3,,
VANDO,3,,
VANHU,3,,
VANT,3,,
VAR,3,,
VAZ,3,,
VENT,3,,
VIC,3,,
VKSWG,3,,
VLO,3,,
VNHL,3,,
VOIKS,3,,
VOKL,3,,
VOKSW,3,,
VOL W,3,,
VOLJ,3,,
VWQ,3,,
W HO,3,,
W.HOR,3,,
WABAH,3,,
WALK,3,,
WANE,3,,
WANGY,3,,
WD,3,,
WF,3,,
WHISP,3,,
WK/HO,3,,
WKHSE,3,,
WORK/,3,,
WORLH,3,,
WRH,3,,
YAMI,3,,
YUGO,3,,
1,2,,
4,2,,
1115,2,,
115,2,,
119,2,,
14,2,,
215,2,,
45,2,,
4D,2,,
67288,2,,
ACUCR,2,,
ACUTA,2,,
ACUUR,2,,
ACY,2,,
ADI,2,,
AIRO,2,,
ALLER,2,,
AMITR,2,,
ANAK,2,,
ANTOC,2,,
APILI,2,,
APMZ,2,,
APPAL,2,,
APPOI,2,,
APPOR,2,,
APRL,2,,
ASLMA,2,,
ASMA,2,,
ASPT,2,,
ASTU,2,,
AUBI,2,,
AUCR,2,,
AUDI.,2,,
AUTI,2,,
AVEO,2,,
AYDU,2,,
B,2,,
B/B,2,,
BARCE,2,,
BB,2,,
BICK,2,,
BIKE,2,,
BINTE,2,,
BL BL,2,,
BL/BR,2,,
BLBR,2,,
BLUI,2,,
BMW (,2,,
BMWI,2,,
BO,2,,
BOUND,2,,
BOXTR,2,,
BRIGH,2,,
BRIMA,2,,
BROOK,2,,
BROWN,2,,
BRTO,2,,
BU,2,,
BUBAR,2,,
BUD,2,,
BUEL,2,,
BUG,2,,
BUIK,2,,
BURG,2,,
BUSH,2,,
BV,2,,
BWN,2,,
BYD,2,,
CA/ON,2,,
CADAI,2,,
CADI,2,,
CADIO,2,,
CADIT,2,,
CALD,2,,
CALI,2,,
CALO,2,,
CAMPA,2,,
CAN,2,,
CAN-A,2,,
CARRI,2,,
CARY,2,,
CAY,2,,
CCX,2,,
CEO,2,,
CERTE,2,,
CGRYS,2,,
CHAPP,2,,
CHAT,2,,
CHEE,2,,
CHEUR,2,,
CHEVV,2,,
CHHRY,2,,
CHNO,2,,
CHREY,2,,
CHRRY,2,,
CHRY-,2,,
CHYLE,2,,
CIM,2,,
CIMCO,2,,
CINCO,2,,
CINTA,2,,
CIXI,2,,
CLB,2,,
CLEME,2,,
CLEVE,2,,
CLRK,2,,
COLUM,2,,
CONVE,2,,
CORTE,2,,
COVER,2,,
CRD,2,,
CROS,2,,
CROSS,2,,
CRUIS,2,,
CUS,2,,
D0D,2,,
DATON,2,,
DAVE,2,,
DAYB,2,,
DEAN,2,,
DELVE,2,,
DENNI,2,,
DID,2,,
DIEHL,2,,
DOGE,2,,
DRIVE,2,,
DROVE,2,,
DUKAT,2,,
DUMP,2,,
DUN,2,,
DUNH,2,,
DURAS,2,,
EBY,2,,
EDSE,2,,
ELKHA,2,,
EQUIN,2,,
ESC,2,,
ETNYR,2,,
EXIS,2,,
F D,2,,
F/C,2,,
FB,2,,
FELI,2,,
FEVER,2,,
FF,2,,
FGHTL,2,,
FGREI,2,,
FI LI,2,,
FI/LR,2,,
FIET,2,,
FIHT,2,,
FK2,2,,
FL LR,2,,
FLAI,2,,
FLATL,2,,
FLITZ,2,,
FLN,2,,
FLR,2,,
FLV,2,,
FO/WI,2,,
FOE,2,,
Ford,2,,
FR /L,2,,
FR IL,2,,
FR/CI,2,,
FR/LA,2,,
FR/UT,2,,
FRANK,2,,
FRATE,2,,
FRATL,2,,
FREDE,2,,
FREDG,2,,
FREEI,2,,
FREIB,2,,
FREIL,2,,
FREIV,2,,
FRELI,2,,
FREV,2,,
FRGI,2,,
FRGLI,2,,
FRHTL,2,,
FRIDG,2,,
FRIGE,2,,
FRIGI,2,,
FRIL,2,,
FRIT,2,,
FRKS,2,,
FRRI,2,,
FRTH,2,,
FRTLR,2,,
FRY,2,,
FT/LN,2,,
FTWD,2,,
FUNM,2,,
FUSD,2,,
FUTSO,2,,
G,2,,
GALLA,2,,
GARDO,2,,
GD AM,2,,
GE/CO,2,,
GILLO,2,,
GMI,2,,
GOAN,2,,
GOS,2,,
GR DA,2,,
GRAET,2,,
GRANT,2,,
GRAT,2,,
GRATD,2,,
GREAY,2,,
GREEN,2,,
GRIF,2,,
GRO,2,,
GULF,2,,
GULFS,2,,
GUZZI,2,,
GYUND,2,,
H-D,2,,
HAND,2,,
HARLD,2,,
HARV,2,,
HASLE,2,,
HERCL,2,,
HERTZ,2,,
HI NO,2,,
HI/CO,2,,
HIINO,2,,
HIL,2,,
HILLM,2,,
HIMO,2,,
HINDU,2,,
HINNO,2,,
HINO3,2,,
HINOQ,2,,
HINS,2,,
HIS,2,,
HNY,2,,
HOM,2,,
HORDE,2,,
HRY,2,,
HSUN,2,,
HUDA,2,,
HUME,2,,
HUMMA,2,,
HUMVE,2,,
HUNDU,2,,
HUNO,2,,
HURDA,2,,
HUSQU,2,,
HUYD,2,,
HW,2,,
HYAUN,2,,
HYBRI,2,,
HYJND,2,,
HYLN,2,,
HYOSO,2,,
HYOSU,2,,
HYUAN,2,,
HYUDE,2,,
HYUMD,2,,
HYUNI,2,,
HYUNO,2,,
HYUSU,2,,
IATH,2,,
IF,2,,
IFN,2,,
ILLIN,2,,
IMAN,2,,
IMTER,2,,
INEIN,2,,
INFAN,2,,
INFER,2,,
INFNT,2,,
INFY,2,,
ING,2,,
INH,2,,
INI,2,,
INS,2,,
INTC,2,,
INTHA,2,,
INTO,2,,
INTOR,2,,
ISUU,2,,
ISUUZ,2,,
ISUZC,2,,
ISUZN,2,,
ISY,2,,
ITACK,2,,
ITI,2,,
ITR,2,,
IVW,2,,
JA,2,,
JAMB,2,,
JAY,2,,
JHYUN,2,,
JON,2,,
JWD,2,,
KA,2,,
KAITO,2,,
KAM,2,,
KANAK,2,,
KAVAS,2,,
KAWKA,2,,
KAWO,2,,
KAWOS,2,,
KC,2,,
KE,2,,
KEA,2,,
KEMO,2,,
KEN/N,2,,
KENOR,2,,
KENWA,2,,
KIDMA,2,,
KIDNE,2,,
KIMO,2,,
KIR,2,,
KNW,2,,
KO,2,,
KU,2,,
KURBM,2,,
KV,2,,
KWAS,2,,
KWO,2,,
KWSKI,2,,
KYMCU,2,,
L,2,,
L ROV,2,,
LA /R,2,,
LA/LO,2,,
LA/RR,2,,
LALRO,2,,
LAMB,2,,
LAN R,2,,
LAN/R,2,,
LANDE,2,,
LANR,2,,
LAZE,2,,
LD RO,2,,
LECUS,2,,
LED,2,,
LENOX,2,,
LEXA,2,,
LEXX,2,,
LIA,2,,
LIB,2,,
LINC,2,,
LINDE,2,,
LINE,2,,
LINER,2,,
LLA/R,2,,
LML,2,,
LND R,2,,
LNR,2,,
LO/RI,2,,
LO/RO,2,,
LOAK,2,,
LONGS,2,,
LRV,2,,
LUXU,2,,
LXS,2,,
LXUS,2,,
M2,2,,
MACE,2,,
MACH,2,,
MACKC,2,,
MACKD,2,,
MACKQ,2,,
MACTR,2,,
MACUR,2,,
MADA,2,,
MAID,2,,
MAK,2,,
MAL,2,,
MANZA,2,,
MARC,2,,
MARCH,2,,
MART,2,,
MASCR,2,,
MASEN,2,,
MASS,2,,
MAST,2,,
MAXUM,2,,
MAZD,2,,
MAZDQ,2,,
MAZSE,2,,
MCT,2,,
MCZ,2,,
ME/BO,2,,
ME/BR,2,,
ME/FU,2,,
ME/RE,2,,
MECER,2,,
MECRE,2,,
MECRY,2,,
MED,2,,
MEECU,2,,
MEIBE,2,,
MELBE,2,,
MERC/,2,,
MERCS,2,,
MEREU,2,,
MERIT,2,,
MERO,2,,
MESER,2,,
MF,2,,
MGUZZ,2,,
MHOR,2,,
MHSU,2,,
MI BU,2,,
MI FL,2,,
MI FT,2,,
MI FV,2,,
MI TU,2,,
MI//F,2,,
MI/BI,2,,
MI/FG,2,,
MI/FR,2,,
MI/FY,2,,
MI/PU,2,,
MIBU,2,,
MICKY,2,,
MICLC,2,,
MICV,2,,
MIDBU,2,,
MIF,2,,
MIFI,2,,
MINE,2,,
MISTI,2,,
MITSC,2,,
MITSV,2,,
MLT,2,,
MNI,2,,
MO/OL,2,,
MO/VE,2,,
MONT,2,,
MORR,2,,
MOTOM,2,,
MOTTO,2,,
MR,2,,
MSL,2,,
MSRCU,2,,
MTT,2,,
MUL,2,,
MURCE,2,,
MV-1,2,,
MVONE,2,,
MW,2,,
N,2,,
NAI,2,,
NB,2,,
NDM,2,,
NIA,2,,
NICKE,2,,
NIDD,2,,
NITE,2,,
NL,2,,
NM,2,,
NOT D,2,,
NOVAB,2,,
NS OT,2,,
NSS,2,,
NTER,2,,
OHIO,2,,
OINFI,2,,
OLDMB,2,,
OLSD,2,,
OLSON,2,,
OMI,2,,
OMS,2,,
ONTER,2,,
OR/V,2,,
ORANG,2,,
ORIV,2,,
OTHER,2,,
OVW,2,,
P,2,,
PACE,2,,
PACIF,2,,
PANTI,2,,
PEOPL,2,,
PER,2,,
PERM,2,,
PET B,2,,
PETBI,2,,
PETET,2,,
PIACC,2,,
PIGGY,2,,
PIN,2,,
PINE,2,,
PINES,2,,
PIYMO,2,,
PJ,2,,
PL,2,,
PLAZD,2,,
PLUM,2,,
PLUMO,2,,
PLYMD,2,,
PLYN,2,,
POLAN,2,,
PONI,2,,
PONT,2,,
PONTC,2,,
PONTR,2,,
PORST,2,,
PORTI,2,,
PRESV,2,,
PREUO,2,,
PREVE,2,,
PREVS,2,,
PRO,2,,
PROU,2,,
PROVE,2,,
PRVOS,2,,
PT CR,2,,
PTBLT,2,,
QUALI,2,,
R.ROV,2,,
RA /R,2,,
RAGGI,2,,
RAIN,2,,
RAJ,2,,
RAUGE,2,,
RAV,2,,
RAWA,2,,
RB,2,,
REFRE,2,,
REIGH,2,,
REM,2,,
RIAGG,2,,
RINGO,2,,
RM,2,,
ROLR,2,,
RPS,2,,
RS,2,,
RT,2,,
RTM,2,,
RV,2,,
SABAN,2,,
SAG,2,,
SAGUA,2,,
SATAR,2,,
SATER,2,,
SATON,2,,
SATRN,2,,
SCARA,2,,
SCBAR,2,,
SCHL,2,,
SCHWI,2,,
SCTON,2,,
SE/RA,2,,
SEIOM,2,,
SEION,2,,
SEMIT,2,,
SEN,2,,
SET,2,,
SHANG,2,,
SHENZ,2,,
SHERD,2,,
SHERK,2,,
SHWI,2,,
SIBAR,2,,
SICON,2,,
SMB,2,,
SOLEE,2,,
SOLEL,2,,
SPECI,2,,
SPEIN,2,,
SPIRN,2,,
SPNR,2,,
SRF,2,,
STAL,2,,
STEEL,2,,
STERN,2,,
STERU,2,,
STIL,2,,
STING,2,,
STO,2,,
STRAI,2,,
STREL,2,,
STRF,2,,
STRIN,2,,
STRUC,2,,
SU/TR,2,,
SUBA,2,,
SUBE,2,,
SUBRN,2,,
SUBUN,2,,
SUD,2,,
SUEC,2,,
SUKI,2,,
SUNAR,2,,
SUPE,2,,
SURA,2,,
SURBU,2,,
SUSAR,2,,
SUZA,2,,
SZUK,2,,
T BRO,2,,
TAI,2,,
TAIZH,2,,
TAKE,2,,
TAN,2,,
TAOT,2,,
TCNU,2,,
THAME,2,,
THEU,2,,
THT,2,,
THULE,2,,
TMP,2,,
TOMUS,2,,
TOTO,2,,
TOWMA,2,,
TOYAT,2,,
TOYI,2,,
TPYP,2,,
TR TL,2,,
TR/TL,2,,
TRAIE,2,,
TRAIT,2,,
TRILE,2,,
TRIUN,2,,
TRLKG,2,,
TRN,2,,
TROPI,2,,
TRTLN,2,,
TU/TO,2,,
TX,2,,
U D,2,,
UH,2,,
UHALL,2,,
UHL V,2,,
UI,2,,
UITY,2,,
UK,2,,
ULITY,2,,
ULTRA,2,,
UNCO,2,,
UNFIN,2,,
UNTIL,2,,
UPS F,2,,
UTIC,2,,
UTIL/,2,,
UTLMA,2,,
V.W,2,,
V/W J,2,,
VA/RO,2,,
VAH H,2,,
VALCA,2,,
VAN C,2,,
VAN W,2,,
VAN/H,2,,
VANG,2,,
VANIT,2,,
VANWA,2,,
VEEP,2,,
VELOC,2,,
VEMON,2,,
VENWO,2,,
VESPE,2,,
VFG,2,,
VGA,2,,
VHEVY,2,,
VHR,2,,
VIA,2,,
VIKJS,2,,
VISP,2,,
VIW,2,,
VKS,2,,
VKSNG,2,,
VLKSW,2,,
VLKW,2,,
VM,2,,
VNTC,2,,
VNZ,2,,
VOHOO,2,,
VOKWA,2,,
VOLPE,2,,
VOLUS,2,,
VOLV0,2,,
VOLVL,2,,
VOLX,2,,
VS,2,,
VST/T,2,,
VT/MA,2,,
VWGON,2,,
VWNHO,2,,
VXP,2,,
W S,2,,
WALTC,2,,
WANG,2,,
WB CA,2,,
WBM,2,,
WEIST,2,,
WELL,2,,
WESTR,2,,
WETER,2,,
WH HR,2,,
WHG,2,,
WHORS,2,,
WILL,2,,
WINNS,2,,
WK HS,2,,
WKHO,2,,
WLK,2,,
WN,2,,
WO /H,2,,
WO HS,2,,
WO/CO,2,,
WO/KH,2,,
WO/OH,2,,
WOLCH,2,,
WOLHO,2,,
WON,2,,
WOORK,2,,
WORKD,2,,
WORKE,2,,
WORKF,2,,
WORKK,2,,
WORKM,2,,
WORKT,2,,
WR HR,2,,
WRK/H,2,,
WRKHL,2,,
YAMAB,2,,
YOY,2,,
YZF,2,,
ZUZUK,2,,
",ERC",1,,
",ERCI",1,,
",ISUZ",1,,
.LEXU,1,,
`,1,,
`KIA,1,,
`WH,1,,
+,1,,
2,1,,
5,1,,
7,1,,
79,1,,
9,1,,
0LDSM,1,,
10,1,,
10111,1,,
10445,1,,
11,1,,
111,1,,
11211,1,,
114,1,,
1142,1,,
11611,1,,
11N,1,,
11N10,1,,
11W,1,,
12,1,,
1300,1,,
145,1,,
15020,1,,
15600,1,,
165,1,,
1D7,1,,
1LH,1,,
1NT,1,,
1YNO,1,,
2002,1,,
201,1,,
2010,1,,
2014,1,,
20145,1,,
2115,1,,
211BA,1,,
218I1,1,,
21IW,1,,
22425,1,,
2271,1,,
22HNN,1,,
24131,1,,
2444,1,,
263,1,,
2ARM,1,,
2DI,1,,
2EX,1,,
2K4,1,,
2M,1,,
2R,1,,
2TA,1,,
2W,1,,
3,1,,
31SRL,1,,
3214H,1,,
360,1,,
3FEIC,1,,
3NZLI,1,,
3VBM,1,,
3VD52,1,,
4112,1,,
42I6,1,,
42M11,1,,
4401,1,,
47,1,,
48ISU,1,,
4BR,1,,
4CUUR,1,,
4H,1,,
5,1,,
5019,1,,
51117,1,,
549,1,,
54NK,1,,
5AAB,1,,
5M4W,1,,
5MAX,1,,
5OZU,1,,
5RHIR,1,,
5VLU,1,,
5X49,1,,
6,1,,
74,1,,
7442,1,,
74JJI,1,,
7B16,1,,
7C2RA,1,,
7C4IL,1,,
7CURA,1,,
7EG,1,,
7EIQ,1,,
7NFI,1,,
7NRI,1,,
7UAN,1,,
7W1,1,,
7WGH,1,,
8115,1,,
82D79,1,,
84401,1,,
8YV,1,,
95,1,,
97,1,,
985R3,1,,
A-M,1,,
A1120,1,,
A115,1,,
A5,1,,
A7,1,,
A88UD,1,,
AA,1,,
AAC,1,,
AACUR,1,,
AAHJ,1,,
ABABT,1,,
ACCEM,1,,
ACCUA,1,,
ACCUS,1,,
ACDER,1,,
ACHRA,1,,
ACION,1,,
ACIUR,1,,
ACME,1,,
ACNO,1,,
ACRU,1,,
ACT,1,,
ACUAN,1,,
ACUCA,1,,
ACUJS,1,,
ACUN,1,,
ACUOI,1,,
ACURF,1,,
ACURG,1,,
ACURN,1,,
ACURO,1,,
ACUTR,1,,
ADIL,1,,
ADILL,1,,
ADU,1,,
AE,1,,
AEART,1,,
AEIO,1,,
AENO,1,,
AEO,1,,
AERPC,1,,
AEVO,1,,
AFFIN,1,,
AGIIA,1,,
AGT,1,,
AHAUD,1,,
AIIHU,1,,
AIM,1,,
AIO,1,,
AIR-,1,,
AIRIJ,1,,
AIRRI,1,,
AIRTE,1,,
AIRTR,1,,
AJTIL,1,,
AL,1,,
AL DE,1,,
ALABA,1,,
ALAGA,1,,
ALB,1,,
ALBAM,1,,
ALCX,1,,
ALDE,1,,
ALDS,1,,
ALEHT,1,,
ALEXI,1,,
ALEXO,1,,
ALEXT,1,,
ALM,1,,
ALR/O,1,,
ALTMI,1,,
ALW,1,,
AM TR,1,,
AM/CA,1,,
AM/HA,1,,
AM/IR,1,,
AMERA,1,,
AMI,1,,
AMMO,1,,
AMTOC,1,,
AMZD,1,,
AND,1,,
ANDRE,1,,
ANI,1,,
ANIMA,1,,
ANINN,1,,
ANLER,1,,
ANY/T,1,,
AO,1,,
APACH,1,,
APEX,1,,
APL,1,,
APT,1,,
AR,1,,
ARAM,1,,
ARAZO,1,,
ARCRA,1,,
ARISI,1,,
ARIZ,1,,
ARMZ,1,,
ARNO,1,,
ARRIL,1,,
ARUC,1,,
ARVSB,1,,
ARZ,1,,
AS,1,,
ASMTM,1,,
ASPON,1,,
ASSOR,1,,
AST,1,,
AST/M,1,,
ASTA,1,,
ASTMA,1,,
ASTOL,1,,
ASTRI,1,,
ASTUR,1,,
ASVE,1,,
ATLAN,1,,
ATLIS,1,,
ATM,1,,
ATU,1,,
ATW O,1,,
AU,1,,
AUAI,1,,
AUBA,1,,
AUC,1,,
AUCAT,1,,
AUCO,1,,
AUDDI,1,,
AUDEE,1,,
AUDI`,1,,
AUDIC,1,,
AUDL,1,,
AUDO,1,,
AUEYA,1,,
AULD,1,,
AUNDI,1,,
AUOC,1,,
AURO,1,,
AUROC,1,,
AUSH,1,,
AUTE,1,,
AUTEC,1,,
AUUD,1,,
AVTI,1,,
AW,1,,
AXUNA,1,,
AYD,1,,
AYDI,1,,
AYDZ,1,,
AYM,1,,
AYUAD,1,,
AYVNJ,1,,
AZM,1,,
B-M,1,,
BADIM,1,,
BAGCA,1,,
BAJAJ,1,,
BAL,1,,
BAMBA,1,,
BANDR,1,,
BANHO,1,,
BANLE,1,,
BAODI,1,,
BAOLI,1,,
BAR,1,,
BARKE,1,,
BARUI,1,,
BAST,1,,
BATLI,1,,
BAUAN,1,,
BAY,1,,
BAY B,1,,
BAYBR,1,,
BAYCA,1,,
BAYL,1,,
BC1,1,,
BCH,1,,
BCI,1,,
BE/B,1,,
BE/BE,1,,
BEAH,1,,
BEAIL,1,,
BEALY,1,,
BEATL,1,,
BEATZ,1,,
BEIGE,1,,
BENDR,1,,
BENE,1,,
BENIC,1,,
BENL,1,,
BENLE,1,,
BENNI,1,,
BENSE,1,,
BENTC,1,,
BENTH,1,,
BENTO,1,,
BENTT,1,,
BENTZ,1,,
BENY,1,,
BENZL,1,,
BERIG,1,,
BESTE,1,,
BETHA,1,,
BETTE,1,,
BETTL,1,,
BEUTL,1,,
BEY,1,,
BFNTZ,1,,
BG/BI,1,,
BGUS,1,,
BHB,1,,
BI BI,1,,
BI/BI,1,,
BIBUS,1,,
BIELL,1,,
BIGTE,1,,
BINO,1,,
BIRDS,1,,
BIRI,1,,
BK,1,,
BL /,1,,
BL /B,1,,
BL BR,1,,
BL RI,1,,
BL-BI,1,,
"BL, B",1,,
BL/ B,1,,
BL/BK,1,,
BL/BU,1,,
BL/BZ,1,,
BL/GD,1,,
BL/LI,1,,
BL/RD,1,,
BL/VI,1,,
BLK H,1,,
BLU B,1,,
BLUES,1,,
BLUIC,1,,
BLULL,1,,
BLUTE,1,,
BLVB,1,,
BLVEB,1,,
BMB,1,,
BMBR,1,,
BMD,1,,
BME,1,,
BMI,1,,
BMMW,1,,
BMS,1,,
BND,1,,
BNIK,1,,
BNTL,1,,
BOLLE,1,,
BOMB,1,,
BONTI,1,,
BONXE,1,,
BORA,1,,
BOUL,1,,
BOY,1,,
BOYD,1,,
BR,1,,
BR/MA,1,,
BRAIG,1,,
BREMB,1,,
BRI-M,1,,
BRITI,1,,
BRM,1,,
BRNW,1,,
BRO,1,,
BROW,1,,
BRP,1,,
BRW,1,,
BUBI,1,,
BUCH,1,,
BUCKR,1,,
BUDGA,1,,
BUDI,1,,
BUEBD,1,,
BUEIL,1,,
BUIC,1,,
BUICE,1,,
BUICH,1,,
BUIDE,1,,
BUIDI,1,,
BUIIC,1,,
BUIOK,1,,
BUKC,1,,
BUL,1,,
BULIS,1,,
BULK,1,,
BULOK,1,,
BUN,1,,
BUR,1,,
BURCK,1,,
BURND,1,,
BUS M,1,,
BUS T,1,,
BUSMC,1,,
BUSTI,1,,
BUTCH,1,,
BUTEK,1,,
BUZSO,1,,
BWC4,1,,
BWX,1,,
BY,1,,
BYBI,1,,
C  A,1,,
C ADI,1,,
C HRY,1,,
C211,1,,
C24,1,,
C2XWS,1,,
CA/AN,1,,
CA/RO,1,,
CAB,1,,
CABCH,1,,
CABI,1,,
CACH,1,,
CADEL,1,,
CADFL,1,,
CADK,1,,
CADO;,1,,
CADR,1,,
CADUY,1,,
CAEVR,1,,
CAFEN,1,,
CAGGI,1,,
CAIRO,1,,
CAL,1,,
CALB.,1,,
CALDI,1,,
CALIB,1,,
CALIC,1,,
CALIF,1,,
CALLE,1,,
CAMBO,1,,
CAMER,1,,
CAMP,1,,
CANAN,1,,
CANDI,1,,
CANJR,1,,
CANTE,1,,
CAPIU,1,,
CAR M,1,,
CARE,1,,
CARGO,1,,
CARI,1,,
CARIT,1,,
CARME,1,,
CARO,1,,
CARTE,1,,
CARZG,1,,
CAS,1,,
CASHM,1,,
CASK,1,,
CAST,1,,
CATE,1,,
CATIR,1,,
CATIT,1,,
CATR,1,,
CATTI,1,,
CATY,1,,
CAUDI,1,,
CAYGN,1,,
CBR,1,,
CCDX,1,,
CCHE,1,,
CCHRY,1,,
CD,1,,
CDI,1,,
CEDAR,1,,
CEELE,1,,
CEILR,1,,
CEN,1,,
CENT,1,,
CENTR,1,,
CERBE,1,,
CERT,1,,
CET,1,,
CEVA,1,,
CF/MO,1,,
CFD,1,,
CFGG,1,,
CFISO,1,,
CFMC,1,,
CFMD,1,,
CFMG,1,,
CFX,1,,
CGRTS,1,,
CH/C,1,,
CH/PN,1,,
CHA,1,,
CHAC,1,,
CHAMA,1,,
CHAPI,1,,
CHARL,1,,
CHARO,1,,
CHART,1,,
CHARY,1,,
CHASS,1,,
CHAST,1,,
CHAUN,1,,
CHAW,1,,
CHAYE,1,,
CHAYS,1,,
CHDI,1,,
CHEEA,1,,
CHELR,1,,
CHERN,1,,
CHERR,1,,
CHEST,1,,
CHEVF,1,,
CHEVI,1,,
CHEVO,1,,
CHGUY,1,,
CHICK,1,,
CHINO,1,,
CHLIL,1,,
CHOPP,1,,
CHOS,1,,
CHRAS,1,,
CHRES,1,,
CHRI,1,,
CHRKS,1,,
CHRL,1,,
CHRN,1,,
CHRTY,1,,
CHRVR,1,,
CHRVS,1,,
CHRYI,1,,
CHSYS,1,,
CHTLT,1,,
CHTYS,1,,
CHUA,1,,
CHUAL,1,,
CHUNF,1,,
CHUR,1,,
CHVR,1,,
CHVY,1,,
CHYLR,1,,
CHYSC,1,,
CIBA,1,,
CIBAN,1,,
CIBIL,1,,
CIMCT,1,,
CINC,1,,
CINE,1,,
CITDE,1,,
CITRA,1,,
CITY,1,,
CIVI,1,,
CJHRY,1,,
CKENW,1,,
CLARK,1,,
CLAYO,1,,
CLAYT,1,,
CLEV,1,,
CLIR,1,,
CLLN,1,,
CLO,1,,
CLORU,1,,
CLUB,1,,
CLWR,1,,
CMA,1,,
CMCI,1,,
CMR,1,,
CMS,1,,
CNGU,1,,
CNRY,1,,
COB C,1,,
COBAL,1,,
COCHM,1,,
CODA,1,,
CODI,1,,
CODUA,1,,
COLEM,1,,
COLK,1,,
COLU,1,,
COMAK,1,,
COMME,1,,
CONCR,1,,
CONKL,1,,
CONON,1,,
COOL,1,,
COOLE,1,,
CORBS,1,,
COROI,1,,
CORPU,1,,
CORUE,1,,
COSCO,1,,
COTC,1,,
COTT,1,,
COTTA,1,,
COU,1,,
COUIE,1,,
COUMM,1,,
COURE,1,,
COURS,1,,
COUV,1,,
COVN,1,,
COX,1,,
CPR,1,,
CR,1,,
CR/CO,1,,
CRAF,1,,
CREMO,1,,
CREUG,1,,
CRHRY,1,,
CRHS,1,,
CRHY,1,,
CRIS,1,,
CRITE,1,,
CRONO,1,,
CRSYL,1,,
CRTS,1,,
CRYC,1,,
CRYCL,1,,
CRYL,1,,
CRYSI,1,,
CRZCL,1,,
CS,1,,
CSPCI,1,,
CSYTI,1,,
CT,1,,
CT MA,1,,
CT/LA,1,,
CTMC,1,,
CTMOT,1,,
CUBE,1,,
CUDLA,1,,
CUMIN,1,,
CUSMA,1,,
CUY,1,,
CUZI,1,,
CVA,1,,
CW,1,,
CYBR,1,,
CYD,1,,
CYHYS,1,,
CYRS,1,,
CYSLE,1,,
CZGO,1,,
D DAN,1,,
D TRK,1,,
D4505,1,,
DACAT,1,,
DAENO,1,,
DAESU,1,,
DAF-L,1,,
DAHCO,1,,
DAI,1,,
DAIX,1,,
DAM,1,,
DANLA,1,,
DARAS,1,,
DARWO,1,,
DAWEO,1,,
DB,1,,
DCUM,1,,
DD,1,,
DEAW,1,,
DEELY,1,,
DEIV,1,,
DEL U,1,,
DELA,1,,
DELI,1,,
DELL,1,,
DELTR,1,,
DELVD,1,,
DENA,1,,
DERA,1,,
DERBI,1,,
DESE,1,,
DETAC,1,,
DETIT,1,,
DETNA,1,,
DETOR,1,,
DETSU,1,,
DEV,1,,
DFR/L,1,,
DGE,1,,
DGO,1,,
DHC,1,,
DIAG,1,,
DICAT,1,,
DICKI,1,,
DIESE,1,,
DIFG,1,,
DILLY,1,,
DINA,1,,
DIVEL,1,,
DKS,1,,
DLOME,1,,
DLVTR,1,,
DODE,1,,
DODGG,1,,
DODH,1,,
DOESE,1,,
DOGIA,1,,
DON B,1,,
DONCO,1,,
DOONA,1,,
DOOSA,1,,
DORST,1,,
DOVER,1,,
DRELL,1,,
DS,1,,
DT,1,,
DT/MA,1,,
DTUR,1,,
DUACT,1,,
DUADE,1,,
DUBAR,1,,
DUCAF,1,,
DUCET,1,,
DUCON,1,,
DUCTA,1,,
DUGAT,1,,
DUICA,1,,
DULAS,1,,
DUMIA,1,,
DUNBA,1,,
DUNG,1,,
DUNPL,1,,
DUNRA,1,,
DUNTI,1,,
DURAP,1,,
DURIT,1,,
DUSTI,1,,
DUTCH,1,,
DVILE,1,,
E CHA,1,,
EAJT,1,,
EAME,1,,
EARL,1,,
EASTO,1,,
EATLR,1,,
ECO,1,,
EDY,1,,
EGYPT,1,,
EHE,1,,
EIM,1,,
EJEP,1,,
ELDS,1,,
ELIMI,1,,
ELP,1,,
EM,1,,
EMES,1,,
EMJ,1,,
EMS,1,,
ENCO,1,,
ENO,1,,
ENTER,1,,
ENUM,1,,
EP,1,,
EQUID,1,,
EQUUS,1,,
ESCAA,1,,
ESCAT,1,,
ESCLA,1,,
ESCO,1,,
ESCOL,1,,
ETER,1,,
ETNA,1,,
ETRA,1,,
ETUK,1,,
EUGAL,1,,
EVERS,1,,
EVOQU,1,,
EW,1,,
EW37,1,,
EW5,1,,
EX,1,,
EXD,1,,
EXUS,1,,
EXVS,1,,
EXW,1,,
F F,1,,
F G,1,,
F HL,1,,
F LI,1,,
F VAN,1,,
F-L,1,,
F/B,1,,
F/LAN,1,,
F/LQ,1,,
F/LR,1,,
F/O,1,,
F/RL,1,,
F/U,1,,
FA/L,1,,
FA/RO,1,,
FABR,1,,
FAD,1,,
FAE,1,,
FAEL,1,,
FAGVA,1,,
FAIG,1,,
FAL,1,,
FALC,1,,
FALI,1,,
FALK,1,,
FARDE,1,,
FARM,1,,
FATIL,1,,
FATL,1,,
FAWA,1,,
FCWA,1,,
FECO,1,,
FEDVA,1,,
FEDX,1,,
FEG,1,,
FEGT,1,,
FEINU,1,,
FEIRG,1,,
FEL,1,,
FELA,1,,
FELEX,1,,
FELLA,1,,
FELOW,1,,
FEM,1,,
FENMO,1,,
FERD,1,,
FERI,1,,
FERVA,1,,
FEY,1,,
FEZDZ,1,,
FF1G,1,,
FFABR,1,,
FFEIG,1,,
FFR,1,,
FG LI,1,,
FGE,1,,
FGH L,1,,
FGHL,1,,
FGHTE,1,,
FGL,1,,
FGLT,1,,
FGTL,1,,
FH,1,,
FHG,1,,
FHGR,1,,
FHLI,1,,
FHT L,1,,
FHTG,1,,
FI,1,,
FI/RO,1,,
FIDO,1,,
FIEIL,1,,
FIERI,1,,
FIEX,1,,
FIGHT,1,,
FIGT,1,,
FILI,1,,
FILTE,1,,
FILTZ,1,,
FIN,1,,
FINIT,1,,
FINT,1,,
FIO,1,,
FIONA,1,,
FIQT,1,,
FIR,1,,
FIREG,1,,
FISD,1,,
FISLE,1,,
FIT L,1,,
FJ/LI,1,,
FJ/LR,1,,
FL LI,1,,
FL RL,1,,
FL ZO,1,,
FL/L,1,,
FL/LI,1,,
FL/PR,1,,
FL/RD,1,,
FL/RO,1,,
FLAIR,1,,
FLANT,1,,
FLE,1,,
FLEI,1,,
FLEIG,1,,
FLET,1,,
FLFR,1,,
FLHTC,1,,
FLL,1,,
FLLEE,1,,
FLNR,1,,
FLOAT,1,,
FLRL,1,,
FLTL,1,,
FLTNR,1,,
FLTO,1,,
FLXZ,1,,
FLY,1,,
FM260,1,,
FN LI,1,,
FN/LI,1,,
FNC,1,,
FNEI,1,,
FNLT,1,,
FNY,1,,
FO/HO,1,,
FOERY,1,,
FOND,1,,
FOPC,1,,
FORD/,1,,
FORDA,1,,
FORG,1,,
FORLA,1,,
FORSA,1,,
FORSW,1,,
FORSY,1,,
FORTO,1,,
FOSO,1,,
FOUR,1,,
FOUTA,1,,
FOWI,1,,
FOXVA,1,,
FQE,1,,
FR IN,1,,
FR LR,1,,
FR MR,1,,
FR-LI,1,,
FR.LI,1,,
FR/ L,1,,
FR/.L,1,,
FR/CL,1,,
FR/CR,1,,
FR/G,1,,
FR/HG,1,,
FR/HI,1,,
FR/HT,1,,
FR/I,1,,
FR/IL,1,,
FR/IN,1,,
FR/LE,1,,
FR/LQ,1,,
FR/LU,1,,
FR/TL,1,,
FR/U,1,,
FRA,1,,
FRAIT,1,,
FRAT,1,,
FRAY,1,,
FRE /,1,,
FRE V,1,,
FREB,1,,
FREC,1,,
FRECH,1,,
FREDL,1,,
FREE,1,,
FREGE,1,,
FREGL,1,,
FREGR,1,,
FREGU,1,,
FREGV,1,,
FREH,1,,
FREHI,1,,
FREI.,1,,
FREIQ,1,,
FREIS,1,,
FREIU,1,,
FREKI,1,,
FREL,1,,
FRELG,1,,
FRELN,1,,
FREOI,1,,
FREQ,1,,
FRER,1,,
FRERI,1,,
FRERR,1,,
FRETG,1,,
FREVA,1,,
FREVO,1,,
FREYH,1,,
FRFRI,1,,
FRG V,1,,
FRG/L,1,,
FRGE,1,,
FRGIG,1,,
FRGIL,1,,
FRGLA,1,,
FRGLN,1,,
FRGTL,1,,
FRHG,1,,
FRHGT,1,,
FRHT,1,,
FRHT3,1,,
FRI L,1,,
FRI/,1,,
FRI/L,1,,
FRILG,1,,
FRILI,1,,
FRIN,1,,
FRINE,1,,
FRINI,1,,
FRIU,1,,
FRIUS,1,,
FRK,1,,
FRKB,1,,
FRKI,1,,
FRLHT,1,,
FRLLI,1,,
FRLM,1,,
FRMG,1,,
FRMWO,1,,
FRNR,1,,
FROG,1,,
FROO,1,,
FROSH,1,,
FRT C,1,,
FRT V,1,,
FRT/L,1,,
FRTAN,1,,
FRTC,1,,
FRTEI,1,,
FRTLE,1,,
FRTR,1,,
FRYHT,1,,
FS/LI,1,,
FT HR,1,,
FT.LI,1,,
FT/L1,1,,
FT/RI,1,,
FT/U,1,,
FTA,1,,
FTLGH,1,,
FTLIN,1,,
FTLN,1,,
FTLP,1,,
FTNGO,1,,
FTR,1,,
FTTL,1,,
FTZ,1,,
FU,1,,
FU/DE,1,,
FU/MI,1,,
FUGO,1,,
FUNMO,1,,
FUSA,1,,
FUSCO,1,,
FUSE,1,,
FUSU,1,,
FUTON,1,,
FWF,1,,
FWORK,1,,
FYSO,1,,
G DRE,1,,
G M,1,,
G-D,1,,
G.D,1,,
GA DA,1,,
GA/DA,1,,
GAC,1,,
GADI,1,,
GAIJ,1,,
GALMA,1,,
GALON,1,,
GAME,1,,
GANVA,1,,
GARY,1,,
GASMA,1,,
GAT,1,,
GATS,1,,
GAUM,1,,
GB,1,,
GC/CO,1,,
GCI,1,,
GCM,1,,
GDAR,1,,
GDARE,1,,
GDI,1,,
GDS,1,,
GDT,1,,
GDW,1,,
GE SC,1,,
GE/MO,1,,
GE/SC,1,,
GED,1,,
GEG,1,,
GEIG,1,,
GEKO,1,,
GENBI,1,,
GENE,1,,
GENIS,1,,
GENIU,1,,
GENSI,1,,
GENU,1,,
GENV,1,,
GEO.,1,,
GEPU,1,,
GERES,1,,
GERIE,1,,
GESE,1,,
GEUNI,1,,
GEWIN,1,,
GF,1,,
GHC,1,,
GHEVR,1,,
GHRY,1,,
GHYUD,1,,
GIENE,1,,
GINC,1,,
GIO,1,,
GIRA,1,,
GIRAR,1,,
GIRUM,1,,
GIUI,1,,
GJCR,1,,
GL,1,,
GLADI,1,,
GLDSM,1,,
GLOBA,1,,
GM/L1,1,,
GMC (,1,,
GMC 4,1,,
GMCS,1,,
GMCSU,1,,
GMCTR,1,,
GMERC,1,,
GMT,1,,
GMZ,1,,
GNEAT,1,,
GNK,1,,
GNRIN,1,,
GNUMM,1,,
GO-4,1,,
GO/C,1,,
GOREY,1,,
GOVRG,1,,
GOVT,1,,
GOW,1,,
GR CA,1,,
GRACE,1,,
GRAMM,1,,
GRAYL,1,,
GRDAV,1,,
GRDR,1,,
GREAN,1,,
GREC,1,,
GREFR,1,,
GREI,1,,
GREIO,1,,
GREMM,1,,
GRENT,1,,
GRET,1,,
GRI,1,,
GRIER,1,,
GRIFT,1,,
GRIG,1,,
GRILL,1,,
GRIMA,1,,
GRIME,1,,
GRION,1,,
GROWA,1,,
GRTD,1,,
GRTDA,1,,
GRTDV,1,,
GRTN,1,,
GRUE,1,,
GRUHM,1,,
GRUIM,1,,
GRUME,1,,
GRUMN,1,,
GRUNM,1,,
GRVM,1,,
GSE,1,,
GUBO,1,,
GUMAN,1,,
GUMMA,1,,
GUNNO,1,,
GUNTE,1,,
GUV,1,,
GVW,1,,
GWE,1,,
GWVR,1,,
GXDIL,1,,
GY,1,,
GYL,1,,
GYN,1,,
H DEV,1,,
H. DA,1,,
H/W,1,,
H/WH,1,,
H3,1,,
HA,1,,
HA D,1,,
HA/AM,1,,
HA/GA,1,,
HA/HA,1,,
HA/O,1,,
HAB,1,,
HAC,1,,
HACKI,1,,
HACL,1,,
HADI,1,,
HADY,1,,
HAELE,1,,
HAIDA,1,,
HAILE,1,,
HAL D,1,,
HALDA,1,,
HALO,1,,
HALSY,1,,
HAMLT,1,,
HAN,1,,
HANDY,1,,
HANE,1,,
HANIS,1,,
HANLA,1,,
HANLE,1,,
HANNY,1,,
HAPA,1,,
HAPAG,1,,
HAR D,1,,
HARIC,1,,
HARIE,1,,
HARLR,1,,
HARM,1,,
HARMA,1,,
HARRY,1,,
HARUA,1,,
HAS,1,,
HASLA,1,,
HAT,1,,
HAU,1,,
HAUGH,1,,
HAUIS,1,,
HAUK,1,,
HAUL,1,,
HAULS,1,,
HAUN,1,,
HAUND,1,,
HAVD,1,,
HAVEM,1,,
HAVIS,1,,
HAVOT,1,,
HAVR,1,,
HAVYD,1,,
HAYAD,1,,
HAYS,1,,
HAZDA,1,,
HAZLO,1,,
HAZO,1,,
HB 45,1,,
HCESC,1,,
HCEVR,1,,
HCR,1,,
HD,1,,
HDA,1,,
HDE,1,,
HDYI,1,,
HEA,1,,
HEINO,1,,
HEMOK,1,,
HENAS,1,,
HENDR,1,,
HER,1,,
HERAW,1,,
HERCC,1,,
HERIT,1,,
HERL,1,,
HERLE,1,,
HERO,1,,
HERSH,1,,
HEWLE,1,,
HHYUN,1,,
HI,1,,
HIAOO,1,,
HIAR,1,,
HIC H,1,,
HICKE,1,,
HIFV,1,,
HIGHC,1,,
HIKE,1,,
HILER,1,,
HINB,1,,
HINCO,1,,
HINDE,1,,
HING,1,,
HINM,1,,
HINOL,1,,
HINOP,1,,
HINU,1,,
HIONE,1,,
HIRIS,1,,
HIRO,1,,
HISIR,1,,
HISS,1,,
HIUS,1,,
HIW,1,,
HMH,1,,
HMO,1,,
HMR,1,,
HMT,1,,
HNAP,1,,
HNCOL,1,,
HNDAI,1,,
HNDY,1,,
HNH,1,,
HNOD,1,,
HNS,1,,
HNU,1,,
HNYL,1,,
HO,1,,
HO HU,1,,
HO/MA,1,,
HO/RA,1,,
HOD,1,,
HOHDA,1,,
HOL,1,,
HOLAD,1,,
HOMEN,1,,
HOMER,1,,
HOMME,1,,
HONCK,1,,
HONFA,1,,
HONOA,1,,
HONS,1,,
HONSA,1,,
HOOPE,1,,
HORRD,1,,
HORT,1,,
HORTO,1,,
HOUND,1,,
HOURL,1,,
HOYD,1,,
HOYN,1,,
HPA,1,,
HPAD,1,,
HPND,1,,
HR DV,1,,
HRD,1,,
HRDM,1,,
HRIS,1,,
HRLYD,1,,
HRRDC,1,,
HRVS,1,,
HRYSH,1,,
HRYSL,1,,
HSHR,1,,
HT,1,,
HTN,1,,
HTRDA,1,,
HTTR,1,,
HU,1,,
HUAME,1,,
HUAND,1,,
HUB,1,,
HUBAI,1,,
HUDSO,1,,
HUITS,1,,
HUMDA,1,,
HUMMM,1,,
HUMMR,1,,
HUNDE,1,,
HUNDK,1,,
HUNDR,1,,
HUNDT,1,,
HUNJ,1,,
HUNT,1,,
HUNY,1,,
HURLE,1,,
HURR,1,,
HURRI,1,,
HURTS,1,,
HUSLE,1,,
HUSQ,1,,
HUTR,1,,
HUYDA,1,,
HWA,1,,
HWDGE,1,,
HWLE,1,,
HWU,1,,
HXYSI,1,,
HY,1,,
HYA,1,,
HYAI,1,,
HYAT,1,,
HYBIR,1,,
HYDAU,1,,
HYDIA,1,,
HYDN,1,,
HYDNA,1,,
HYDS,1,,
HYDSU,1,,
HYDUA,1,,
HYDUD,1,,
HYDY,1,,
HYHUN,1,,
HYIN,1,,
HYLEN,1,,
HYLIN,1,,
HYLND,1,,
HYMAN,1,,
HYMCO,1,,
HYMND,1,,
HYNA,1,,
HYNAI,1,,
HYNDY,1,,
HYNT,1,,
HYNUN,1,,
HYOD,1,,
HYONS,1,,
HYOS,1,,
HYTUN,1,,
HYUAD,1,,
HYUAL,1,,
HYUB,1,,
HYUBD,1,,
HYUDM,1,,
HYUHN,1,,
HYUI,1,,
HYUNB,1,,
HYUNE,1,,
HYUNG,1,,
HYUNM,1,,
HYUNQ,1,,
HYUNR,1,,
HYUR,1,,
HYURN,1,,
HYUU,1,,
HYUUN,1,,
HYUYN,1,,
HYWO,1,,
HYYDA,1,,
HYYUN,1,,
I H,1,,
I NTE,1,,
I/C,1,,
I2MZ7,1,,
I5A1H,1,,
IAAIN,1,,
IAFMZ,1,,
IAIUI,1,,
IAKS,1,,
IAW,1,,
IAZXA,1,,
IBN,1,,
IBROO,1,,
ICE,1,,
ICE C,1,,
ICECR,1,,
ICIH,1,,
ICIJC,1,,
ICJIK,1,,
ICMX,1,,
ICU,1,,
ICVM,1,,
ICW,1,,
IDLVD,1,,
IE,1,,
IEXVS,1,,
IFZ,1,,
IHAIL,1,,
IHHEB,1,,
IHIRI,1,,
IHNIS,1,,
IHOMA,1,,
IHTEL,1,,
IIA,1,,
IIBZD,1,,
IIES,1,,
III,1,,
IIL,1,,
IIN,1,,
IIOWO,1,,
IIXUS,1,,
IJH,1,,
IJRW,1,,
IKA,1,,
IL/W,1,,
ILNS,1,,
IMBR,1,,
IMBW,1,,
IMERC,1,,
IMII,1,,
IMM,1,,
IMP,1,,
IMSIN,1,,
IMWO,1,,
IMXS,1,,
IMZ,1,,
IN FI,1,,
IN LN,1,,
IN LP,1,,
IN. H,1,,
IN/LA,1,,
IN/LI,1,,
IN3AR,1,,
INBCD,1,,
INBIA,1,,
INDI,1,,
INDIN,1,,
INDO,1,,
INEL,1,,
INENT,1,,
INETE,1,,
INF,1,,
INF3,1,,
INFAI,1,,
INFFI,1,,
INFI/,1,,
INFIA,1,,
INFIF,1,,
INFIY,1,,
INFJ,1,,
INFM,1,,
INFO,1,,
INFR,1,,
INFRI,1,,
INFRN,1,,
INGIN,1,,
INGIT,1,,
INGWI,1,,
INIER,1,,
INIL,1,,
INIM7,1,,
ININF,1,,
INISA,1,,
INITE,1,,
INK,1,,
INKHS,1,,
INKN,1,,
INLN,1,,
INN,1,,
INNEL,1,,
INNFI,1,,
INNTE,1,,
INPER,1,,
INR,1,,
INRJ,1,,
INRN,1,,
INST,1,,
INT D,1,,
INT I,1,,
INT V,1,,
INT.,1,,
INT/N,1,,
INTAL,1,,
INTDE,1,,
INTEA,1,,
INTEE,1,,
INTEM,1,,
INTET,1,,
INTEW,1,,
INTFI,1,,
INTH,1,,
INTIC,1,,
INTL.,1,,
INTL3,1,,
INTLL,1,,
INTLN,1,,
INTLR,1,,
INTNI,1,,
INTON,1,,
INTOT,1,,
INTRA,1,,
INTRL,1,,
INTSU,1,,
INTTE,1,,
INTYE,1,,
INVE,1,,
INVIN,1,,
IO,1,,
IOIVO,1,,
IOLVD,1,,
IOMS,1,,
ION D,1,,
IR,1,,
IRENL,1,,
IRID,1,,
IRTL,1,,
IRURA,1,,
IRVIN,1,,
IS20,1,,
ISAUZ,1,,
ISESE,1,,
ISLU,1,,
ISNL,1,,
ISOZO,1,,
ISR,1,,
ISS,1,,
ISSUZ,1,,
ISU.,1,,
ISUSN,1,,
ISUVU,1,,
ISUXU,1,,
ISUZE,1,,
ISUZL,1,,
ISUZZ,1,,
ISV,1,,
ISVZ,1,,
ISVZU,1,,
ISZUS,1,,
ISZUU,1,,
ISZV,1,,
ITALJ,1,,
ITASC,1,,
ITED,1,,
ITER,1,,
ITKWD,1,,
ITO;O,1,,
IU1I,1,,
IUBR,1,,
IUFI,1,,
IUIBN,1,,
IUIS,1,,
IVIJ,1,,
IVIS,1,,
IVK,1,,
IW,1,,
IWD,1,,
IWH,1,,
IWI,1,,
IWIDA,1,,
IWIN,1,,
IWMI,1,,
IWRA,1,,
IYIN,1,,
IYU,1,,
IYUND,1,,
IZUI,1,,
IZUKI,1,,
IZUZE,1,,
IZZO,1,,
J L,1,,
J15,1,,
J18,1,,
J8,1,,
JA/DA,1,,
JAB,1,,
JAGIA,1,,
JAGRU,1,,
JAGU,1,,
JAGUN,1,,
JAH=G,1,,
JALBE,1,,
JARUA,1,,
JAS,1,,
JAUAR,1,,
JB,1,,
JC,1,,
JCL,1,,
JCMW,1,,
JCUNL,1,,
JDLKS,1,,
JEEPQ,1,,
JEGUE,1,,
JET,1,,
JETT,1,,
JETTE,1,,
JH,1,,
JHBUI,1,,
JI5,1,,
JIB,1,,
JIKS,1,,
JIM,1,,
JIMDO,1,,
JINCO,1,,
JINLU,1,,
JJNI,1,,
JKENW,1,,
JLJWA,1,,
JLWI,1,,
JMCJ,1,,
JMSI,1,,
JMST,1,,
JND,1,,
JNK,1,,
JNUS,1,,
JO DE,1,,
JOHND,1,,
JOIKS,1,,
JONNA,1,,
JONW,1,,
JONWC,1,,
JOTE5,1,,
JU,1,,
JUA,1,,
JUBAR,1,,
JVLS,1,,
JWU,1,,
JYU,1,,
K K,1,,
K WOR,1,,
K/V,1,,
K15,1,,
K1A,1,,
K5I7,1,,
KAAF,1,,
KADN,1,,
KAIDI,1,,
KAIKA,1,,
KAMA,1,,
KAMAH,1,,
KANDI,1,,
KANFM,1,,
KANO,1,,
KANWA,1,,
KANWO,1,,
KAOAS,1,,
KARAV,1,,
KARAX,1,,
KASAK,1,,
KAU,1,,
KAUAS,1,,
KAUFF,1,,
KAUFN,1,,
KAWAA,1,,
KAWAG,1,,
KAWAP,1,,
KAWAY,1,,
KAWCI,1,,
KAWHS,1,,
KAWIS,1,,
KAWN,1,,
KAYFM,1,,
KCURA,1,,
KE-LO,1,,
KEAW,1,,
KEDMO,1,,
KEE[,1,,
KEEN,1,,
KEEWA,1,,
KEITH,1,,
KEMCO,1,,
KEMN,1,,
KEMP,1,,
KEMW,1,,
KEMWT,1,,
KEMZ,1,,
ken,1,,
KEN/W,1,,
KEN3,1,,
KENA,1,,
KENC,1,,
KENEL,1,,
KENEW,1,,
KENGO,1,,
KENHO,1,,
KENIN,1,,
KENIW,1,,
KENL,1,,
KENM,1,,
KENNI,1,,
KENNW,1,,
KENR,1,,
KENTE,1,,
KENTO,1,,
KENU,1,,
KENW0,1,,
KENWG,1,,
KENWI,1,,
KENWP,1,,
KENWT,1,,
KENWU,1,,
KENYO,1,,
KENYU,1,,
KENZO,1,,
KERG,1,,
KEWD,1,,
KEWOR,1,,
KEWWO,1,,
KEX,1,,
KEXUS,1,,
KEY,1,,
KEYA,1,,
KGRE,1,,
KH,1,,
KI MO,1,,
KI8A,1,,
KIA O,1,,
KIA S,1,,
KIA/M,1,,
KIAHE,1,,
KIARM,1,,
KIAS,1,,
KIDNN,1,,
KIDR,1,,
KIDRA,1,,
KIDRI,1,,
KIK,1,,
KIN W,1,,
KINCO,1,,
KINGR,1,,
KINGS,1,,
KINGW,1,,
KIO,1,,
KIT,1,,
KITLA,1,,
KIV,1,,
KIWO,1,,
KLIA,1,,
KLORL,1,,
KLW,1,,
KMBO,1,,
KMC,1,,
KMIM,1,,
KMRON,1,,
KMT,1,,
KN/W,1,,
KNEWO,1,,
KNHO,1,,
KNO T,1,,
KNST,1,,
KNUD,1,,
KNWRT,1,,
KNWTH,1,,
KOFRN,1,,
KOMAT,1,,
KONWO,1,,
KORAV,1,,
KOWAL,1,,
KOWOS,1,,
KPW,1,,
KRA,1,,
KRFTS,1,,
KRNWO,1,,
KROFT,1,,
KRWAS,1,,
KS/MO,1,,
KT,1,,
KTA,1,,
KUA,1,,
KUBOT,1,,
KUPMA,1,,
KURA,1,,
KURAM,1,,
KURBI,1,,
KUSBM,1,,
KUZU,1,,
KW SL,1,,
KW/VK,1,,
KWA,1,,
KWASS,1,,
KWD,1,,
KWI,1,,
KWTH,1,,
KWU,1,,
KY,1,,
KYMO,1,,
KYMOL,1,,
KYMUO,1,,
KYSL,1,,
KYWEO,1,,
L-R,1,,
L7U,1,,
LA RD,1,,
LA US,1,,
LA VO,1,,
LA-RD,1,,
LA/C,1,,
LA/OA,1,,
LA/OR,1,,
LA/RE,1,,
LA/RJ,1,,
LA/RP,1,,
LA/ZO,1,,
LADRO,1,,
LAFAY,1,,
LAFIA,1,,
LAIB,1,,
LAIR,1,,
LAKO,1,,
LALRG,1,,
LAMAR,1,,
LAMDR,1,,
LANBO,1,,
LAND,1,,
LANDH,1,,
LANG,1,,
LANWO,1,,
LARA,1,,
LARYR,1,,
LASAC,1,,
LASER,1,,
LATER,1,,
LATI,1,,
LATUR,1,,
LAW,1,,
LAYRO,1,,
LAZER,1,,
LD RV,1,,
LE/RE,1,,
LEAD,1,,
LEDUD,1,,
LEF,1,,
LELXU,1,,
LEN,1,,
LENLN,1,,
LENS,1,,
LENWO,1,,
LERAZ,1,,
LESUS,1,,
LETIL,1,,
LEUS,1,,
LEWIS,1,,
LEX.S,1,,
LEXIN,1,,
LEXNS,1,,
LEXQ,1,,
LEXSU,1,,
LEXUA,1,,
LEXUU,1,,
LEXW,1,,
LEYMA,1,,
LEZUS,1,,
LF,1,,
LH/RO,1,,
LHD,1,,
LI/RO,1,,
LICO,1,,
LIEBL,1,,
LIM,1,,
LIND,1,,
LINEO,1,,
LINHA,1,,
LINKR,1,,
LINRA,1,,
LINX,1,,
LIR,1,,
LIT,1,,
LK EX,1,,
LKEPR,1,,
LL,1,,
LLNNL,1,,
LLR,1,,
LMA,1,,
LMIA,1,,
LMMS,1,,
LMSTA,1,,
LN/RV,1,,
LNB,1,,
LNDI,1,,
LNDRV,1,,
LNTER,1,,
LO,1,,
LO RA,1,,
LO RI,1,,
LO/EZ,1,,
LO/R,1,,
LOAD,1,,
LOCU,1,,
LOMBO,1,,
LONGC,1,,
LOREE,1,,
LOSI,1,,
LOV,1,,
LOX,1,,
LR RA,1,,
LR/LN,1,,
LR/RN,1,,
LR4,1,,
LRL,1,,
LRR,1,,
LRXUS,1,,
LSWWO,1,,
LT,1,,
LT LI,1,,
LTLTR,1,,
LUFI,1,,
LUPKI,1,,
LUX,1,,
LUXUR,1,,
LWS,1,,
LX RO,1,,
LXIC,1,,
LXSS,1,,
LYDA,1,,
LYRO,1,,
LYUD,1,,
M G,1,,
M S I,1,,
M/C,1,,
M/E,1,,
M2A,1,,
MA/B,1,,
MA/BE,1,,
MA/DA,1,,
MA/RO,1,,
MAB,1,,
MABER,1,,
MACJ,1,,
MACK+,1,,
MACK3,1,,
MACR,1,,
MACU,1,,
MACUE,1,,
MACUK,1,,
MACUT,1,,
MACUY,1,,
MACY,1,,
MADER,1,,
MAE,1,,
MAEPA,1,,
MAER,1,,
MAESK,1,,
MAEX,1,,
MAFEL,1,,
MAGEA,1,,
MAGER,1,,
MAGIC,1,,
MAGN,1,,
MAI,1,,
MAIDA,1,,
MAIDN,1,,
MAIN,1,,
MAINE,1,,
MAJER,1,,
MAKC,1,,
MALCO,1,,
MALK,1,,
MALL,1,,
MAND,1,,
MAQZD,1,,
MARCA,1,,
MARCE,1,,
MARCO,1,,
MARCR,1,,
MARD,1,,
MARDA,1,,
MAREN,1,,
MARER,1,,
MARH,1,,
MARL,1,,
MARLE,1,,
MARTZ,1,,
MARYL,1,,
MASBR,1,,
MASC,1,,
MASD,1,,
MASEF,1,,
MASEO,1,,
MASET,1,,
MASEV,1,,
MASGE,1,,
MASSI,1,,
MASSR,1,,
MASUB,1,,
MASUR,1,,
MASW,1,,
MAVER,1,,
MAVIS,1,,
MAXCH,1,,
MAXFA,1,,
MAXN,1,,
MAXXF,1,,
MAYA,1,,
MAYON,1,,
MAZCD,1,,
MAZEN,1,,
MAZFA,1,,
MAZO,1,,
MAZON,1,,
MAZOR,1,,
MAZSD,1,,
MAZSP,1,,
MB-UT,1,,
MB/BU,1,,
MBC,1,,
MBN,1,,
MC VE,1,,
MC2,1,,
MCAK,1,,
MCD,1,,
MCERE,1,,
MCH,1,,
MCI/F,1,,
MCIB,1,,
MCII,1,,
MCIN.,1,,
MCKT,1,,
MCLEY,1,,
MCN,1,,
MCNO,1,,
MCRCU,1,,
MCREY,1,,
MCU,1,,
MCUR,1,,
MCY3,1,,
MDNS,1,,
ME  B,1,,
ME B,1,,
ME CR,1,,
ME FU,1,,
ME RF,1,,
ME.BE,1,,
ME/BF,1,,
ME/BG,1,,
ME/BK,1,,
ME/BL,1,,
ME/BW,1,,
ME/PE,1,,
MEAC,1,,
MEACU,1,,
MEARC,1,,
MEBC,1,,
MEC,1,,
MEC.,1,,
MECAR,1,,
MECAU,1,,
MECHR,1,,
MECR,1,,
MECY,1,,
MEDI,1,,
MEFRA,1,,
MEG,1,,
MEGA,1,,
MEIN,1,,
MEKCH,1,,
MEL,1,,
MELB,1,,
MELE,1,,
MELRO,1,,
MEM,1,,
MENCO,1,,
MENCU,1,,
MENE,1,,
MENJ,1,,
MENWO,1,,
MERAC,1,,
MERAD,1,,
MERAT,1,,
MERC-,1,,
MERCH,1,,
MEREA,1,,
MEREO,1,,
MERER,1,,
MERIV,1,,
MEROE,1,,
MEROO,1,,
MERRC,1,,
MERSU,1,,
MERUY,1,,
MES,1,,
MESI,1,,
METER,1,,
METRC,1,,
METS,1,,
MEU,1,,
MEUCU,1,,
MEURS,1,,
MEX,1,,
MEZ,1,,
MEZDO,1,,
MFG,1,,
MFI,1,,
MGRL,1,,
MGW,1,,
MH,1,,
MHI,1,,
MHT,1,,
MI  F,1,,
MI AV,1,,
MI BI,1,,
MI FI,1,,
MI FO,1,,
MI LI,1,,
MI/BU,1,,
MI/FA,1,,
MI/FC,1,,
MI/FW,1,,
MI/GO,1,,
MI/GU,1,,
MI/IN,1,,
MI/KU,1,,
MI/SO,1,,
MI/TU,1,,
MIAI,1,,
MIB,1,,
MIBE,1,,
MICCE,1,,
MICE,1,,
MICH,1,,
MICLR,1,,
MICO,1,,
MID,1,,
MIDAS,1,,
MIDB,1,,
MIDWY,1,,
MIEBE,1,,
MIFG,1,,
MIFO,1,,
MIKLE,1,,
MIKUB,1,,
MILEA,1,,
MILEN,1,,
MILS,1,,
MILWA,1,,
MIMI,1,,
MINES,1,,
MINF,1,,
MINI-,1,,
MINI.,1,,
MINI3,1,,
MINIA,1,,
MINIW,1,,
MINJA,1,,
MINNI,1,,
MINS,1,,
MINTC,1,,
MINY,1,,
MISC,1,,
MISM,1,,
MISSO,1,,
MISTA,1,,
MISTN,1,,
MISTS,1,,
MIT/F,1,,
MITCH,1,,
MITOR,1,,
MITSZ,1,,
MIUE,1,,
MIWI,1,,
MKS,1,,
MLTS,1,,
MLULE,1,,
MLV,1,,
MLYJ,1,,
MNBN,1,,
MNERC,1,,
MNM,1,,
MNTL,1,,
MO-HO,1,,
MOBL,1,,
MOC,1,,
MOCK,1,,
MOD,1,,
MOE G,1,,
MOFO,1,,
MOI,1,,
MOLVE,1,,
MONI,1,,
MONN3,1,,
MONRU,1,,
MOOTO,1,,
MOPD,1,,
MOR,1,,
MORCU,1,,
MORDA,1,,
MORG,1,,
MORGO,1,,
MOSER,1,,
MOSLI,1,,
MOTO/,1,,
MOTOT,1,,
MOTRC,1,,
MOTTI,1,,
MOVGA,1,,
MOVI,1,,
MP-15,1,,
MPV4,1,,
MQAZD,1,,
MQWIC,1,,
MR BE,1,,
MR/BE,1,,
MR/BR,1,,
MRA,1,,
MREC,1,,
MRECU,1,,
MRI,1,,
MRRJ,1,,
MRTB,1,,
MRYS,1,,
MS/OT,1,,
MSC,1,,
MSCU,1,,
MSH,1,,
MSSAN,1,,
MST,1,,
MTCI,1,,
MTICK,1,,
MTM,1,,
MTOJ,1,,
MTOR,1,,
MTR,1,,
MTRA,1,,
MTSD,1,,
MU/FU,1,,
MUI,1,,
MUNDA,1,,
MUNI,1,,
MUR,1,,
MURGA,1,,
MURRA,1,,
MUSER,1,,
MUSSI,1,,
MUT,1,,
MUTER,1,,
MUTS,1,,
MUV,1,,
MUY,1,,
MUZDA,1,,
MV AU,1,,
MV/AG,1,,
MV1,1,,
MVF,1,,
MVO,1,,
MWD,1,,
MWE/B,1,,
MWIHQ,1,,
MY,1,,
MYCOL,1,,
MZBZ,1,,
N/S C,1,,
N15,1,,
N7H,1,,
N7S,1,,
N8206,1,,
NA/A,1,,
NACJ,1,,
NADR,1,,
NAGIL,1,,
NANIH,1,,
NAS,1,,
NATIO,1,,
NAUI,1,,
NAUIS,1,,
NAUS,1,,
NAV,1,,
NAVN,1,,
NAWI,1,,
NAZM,1,,
NBAR,1,,
NCIP/,1,,
NCR,1,,
NE,1,,
NE/HO,1,,
NE2ON,1,,
NEAPL,1,,
NEIBE,1,,
NEIG,1,,
NELSO,1,,
NERCE,1,,
NEV,1,,
NEVIS,1,,
NEWM,1,,
NFI,1,,
NFIII,1,,
NFINI,1,,
NFINM,1,,
NFML,1,,
NGBO,1,,
NHD,1,,
NHN,1,,
NHR,1,,
NI/FU,1,,
NIAJE,1,,
NIASS,1,,
NIB,1,,
NICR,1,,
NIDT,1,,
NIFIN,1,,
NIGHT,1,,
NIICL,1,,
NIIS,1,,
NIISA,1,,
NINI,1,,
NINZA,1,,
NIQ,1,,
NIR,1,,
NIS L,1,,
NISD,1,,
NISHT,1,,
NISSO,1,,
NISSS,1,,
NISST,1,,
NISSZ,1,,
NIT,1,,
NITM,1,,
NJ,1,,
NK,1,,
NKHR,1,,
NLE,1,,
NLNIN,1,,
NMI,1,,
NMIZ,1,,
NMJ,1,,
NN,1,,
NNEVL,1,,
NNI,1,,
NNNN,1,,
NNZD,1,,
NO/CH,1,,
NOAKC,1,,
NOMC,1,,
NORH,1,,
NORKH,1,,
NORTO,1,,
NPR,1,,
NQR,1,,
NRH,1,,
NRR,1,,
NRYJM,1,,
NSLOT,1,,
NT,1,,
NT22N,1,,
NTIQG,1,,
NURAN,1,,
NUZ,1,,
NV,1,,
NV350,1,,
NW/FL,1,,
NY,1,,
NYC,1,,
NYORK,1,,
NYPD,1,,
NYPHE,1,,
NYS,1,,
NYUD,1,,
NYUN,1,,
NYUND,1,,
NZIFU,1,,
O/M,1,,
OATAO,1,,
OAWRA,1,,
OD TR,1,,
ODLS,1,,
ODSM,1,,
OETER,1,,
OH,1,,
OHEFT,1,,
OHINO,1,,
OHRYS,1,,
OHYUM,1,,
OHYUN,1,,
OIC,1,,
OIKS,1,,
OIMFI,1,,
OINTE,1,,
OIRS,1,,
OKEMW,1,,
OKENW,1,,
OKLAH,1,,
OLDSA,1,,
OLDSH,1,,
OLDSI,1,,
OLDSL,1,,
OLDSU,1,,
OLDSW,1,,
OLIVI,1,,
OLLDS,1,,
OLOSL,1,,
OLSSM,1,,
OLV,1,,
OMC,1,,
OMIN,1,,
OMNE,1,,
OMR/T,1,,
OMT,1,,
ONDA,1,,
ONI,1,,
ONRAS,1,,
ONRYS,1,,
ONT,1,,
OOCL,1,,
OPENR,1,,
OPONT,1,,
OR,1,,
ORDSM,1,,
OREVO,1,,
ORFUN,1,,
OS/KO,1,,
OSCBA,1,,
OSH,1,,
OSHK,1,,
OSHKA,1,,
OSUBA,1,,
OTEUY,1,,
OTT,1,,
OTTAC,1,,
OUB,1,,
OUFUN,1,,
OUINT,1,,
OUSDM,1,,
OUT,1,,
OUT B,1,,
OVYS,1,,
OWS,1,,
OYDI,1,,
OYOTA,1,,
P ONT,1,,
PA/AR,1,,
PACEA,1,,
PACEM,1,,
PAD,1,,
PAEWR,1,,
PAGGI,1,,
PAGI,1,,
PALGG,1,,
PALID,1,,
PAM,1,,
PAR,1,,
PARBE,1,,
PARCE,1,,
PARK,1,,
PARKE,1,,
PARTL,1,,
PASAT,1,,
PAT,1,,
PATH,1,,
PATSY,1,,
PAW,1,,
PB ZI,1,,
PBART,1,,
PBILT,1,,
PBIT,1,,
PBLT,1,,
PC,1,,
PCH,1,,
PE,1,,
PEAE,1,,
PEAR,1,,
PEBI,1,,
PEBLT,1,,
PEC,1,,
PEDI,1,,
PEEL,1,,
PEER,1,,
PEERB,1,,
PEILI,1,,
PEJER,1,,
PELOR,1,,
PEMA,1,,
PEN,1,,
PENT,1,,
PENTA,1,,
PENTI,1,,
PEREG,1,,
PERIG,1,,
PERV,1,,
PETAL,1,,
PETB,1,,
PETE3,1,,
PETEY,1,,
PETLI,1,,
PETRE,1,,
PHILL,1,,
PHLYM,1,,
PI/BA,1,,
PIAC,1,,
PIACG,1,,
PIAGO,1,,
PIATT,1,,
PIEO,1,,
PIGGI,1,,
PING,1,,
PINGO,1,,
PINN,1,,
PIRB,1,,
PIRCH,1,,
PITKI,1,,
PJ TR,1,,
PLAGG,1,,
PLAND,1,,
PLAY,1,,
PLAYG,1,,
PLEW,1,,
PLIM,1,,
PLMOU,1,,
PLOEG,1,,
PLSC,1,,
PLU T,1,,
PLUMI,1,,
PLXMO,1,,
PLYIO,1,,
PLYMA,1,,
PLYMB,1,,
PLYME,1,,
PN,1,,
PN3,1,,
PNDI,1,,
PNT,1,,
PNTIA,1,,
POBC,1,,
POCHE,1,,
POESC,1,,
POEUE,1,,
POICT,1,,
POIN,1,,
POITH,1,,
POKER,1,,
POLLO,1,,
POLO,1,,
POLSC,1,,
POMO,1,,
POMP,1,,
PONAC,1,,
PONAI,1,,
POND,1,,
PONDE,1,,
PONDI,1,,
PONFE,1,,
PONHI,1,,
PONLT,1,,
PONOC,1,,
PONR,1,,
PONSM,1,,
PONT-,1,,
PONTL,1,,
PONTT,1,,
PONTZ,1,,
PONY,1,,
POONT,1,,
PORE,1,,
PORIA,1,,
PORIL,1,,
PORIS,1,,
PORIT,1,,
PORKS,1,,
PORNE,1,,
PORS,1,,
PORSA,1,,
PORSG,1,,
PORSI,1,,
PORSL,1,,
PORSM,1,,
PORT,1,,
PORTL,1,,
PORTY,1,,
PORXH,1,,
POSSC,1,,
POST,1,,
POT,1,,
POTER,1,,
POTH,1,,
POTNA,1,,
POUT,1,,
POV,1,,
POWH,1,,
POWT,1,,
PPETE,1,,
PPONT,1,,
PR,1,,
PR/LE,1,,
PR/LI,1,,
PR/P,1,,
PRA H,1,,
PRADI,1,,
PRAG,1,,
PRAVS,1,,
PRCH,1,,
PRCHE,1,,
PREEV,1,,
PREI,1,,
PREIG,1,,
PREIS,1,,
PREIT,1,,
PRERW,1,,
PRES,1,,
PREU,1,,
PREVD,1,,
PREVP,1,,
PREWG,1,,
PRHT,1,,
PRIDG,1,,
PRIM,1,,
PRISM,1,,
PRITI,1,,
PRIVS,1,,
PRO S,1,,
PROGN,1,,
PROLI,1,,
PRONT,1,,
PROSE,1,,
PROST,1,,
PROTR,1,,
PRPL,1,,
PRSRO,1,,
PRT,1,,
PRVO,1,,
PS,1,,
PT,1,,
PT B,1,,
PT BL,1,,
PT RB,1,,
PT/LI,1,,
PTBIL,1,,
PTBRT,1,,
PTED,1,,
PTERB,1,,
PTRIT,1,,
PUSCH,1,,
PUZH,1,,
PXOJ,1,,
PZAG,1,,
Q,1,,
QIA,1,,
QIANT,1,,
QSIV,1,,
QUA,1,,
QUEBE,1,,
QUING,1,,
R W,1,,
R.R,1,,
R/K,1,,
R/L,1,,
R/RIV,1,,
R/RO,1,,
R/W,1,,
R11S,1,,
R2I45,1,,
R49,1,,
R4HF,1,,
R924,1,,
RA RD,1,,
"RA,",1,,
RA/ R,1,,
RA/BO,1,,
RA/DA,1,,
RA/HO,1,,
RA/LR,1,,
RAAM,1,,
RADGE,1,,
RAGE,1,,
RAGER,1,,
RAH,1,,
RAM 1,1,,
RAM T,1,,
RAM.,1,,
RAMEN,1,,
RAN R,1,,
RANDR,1,,
RANG,1,,
RANGD,1,,
RANGL,1,,
RAT/R,1,,
RATRO,1,,
RAU4,1,,
RAUY,1,,
RAV 4,1,,
RAVEN,1,,
RAY,1,,
RCFKC,1,,
RCIQ,1,,
RD,1,,
RD/LA,1,,
RD/PL,1,,
RDER,1,,
REAR,1,,
REBT,1,,
REDHA,1,,
REDIC,1,,
REEFE,1,,
REF,1,,
REFG-,1,,
REFGU,1,,
REFLE,1,,
REG,1,,
REGIS,1,,
REIGN,1,,
REIIL,1,,
REINH,1,,
REIS,1,,
REITN,1,,
REMER,1,,
REMSE,1,,
RENGE,1,,
RENKE,1,,
RENO,1,,
RENY,1,,
RERC,1,,
RERE,1,,
RERGT,1,,
RET,1,,
REUCA,1,,
REX,1,,
REXHA,1,,
REYEO,1,,
REYOS,1,,
RHA,1,,
RHE,1,,
RHODE,1,,
RHT,1,,
RI/CA,1,,
RIALT,1,,
RIBAR,1,,
RIDE,1,,
RIDRO,1,,
RIGGI,1,,
RIGGO,1,,
RIKR,1,,
RIO K,1,,
RITE,1,,
RITIN,1,,
RJDMC,1,,
RJIS,1,,
RL/LR,1,,
RNEIH,1,,
RNNNW,1,,
RNNO,1,,
RNRA,1,,
RNS R,1,,
RNSEL,1,,
RO/EN,1,,
ROADT,1,,
ROCKE,1,,
RODGO,1,,
ROGE,1,,
ROGES,1,,
ROLDO,1,,
RONDL,1,,
RONG,1,,
RONT,1,,
ROOVE,1,,
RORC,1,,
ROUGE,1,,
ROUS,1,,
ROUSL,1,,
ROYAT,1,,
ROYSL,1,,
RPM,1,,
RR/LA,1,,
RRANO,1,,
RRCU,1,,
RREZ,1,,
RRHNB,1,,
RRHT,1,,
RRIK,1,,
RRRO,1,,
RRV,1,,
RSD,1,,
RSL,1,,
RSO,1,,
RSRIM,1,,
RT/LN,1,,
RTDER,1,,
RTER,1,,
RTPER,1,,
RUGB,1,,
RUGBY,1,,
RULER,1,,
RUNNE,1,,
RWBW,1,,
RWN,1,,
RXRAN,1,,
RXUS,1,,
RYCEK,1,,
RYDEN,1,,
RYDM,1,,
RYS,1,,
RYWIE,1,,
S S,1,,
S STA,1,,
S/S,1,,
S1N2N,1,,
SAAJ,1,,
SAAN,1,,
SAAP,1,,
SAATU,1,,
SABE,1,,
SACHS,1,,
SAD,1,,
SADUM,1,,
SAEC,1,,
SAFIL,1,,
SAFIN,1,,
SAFUR,1,,
SAHUN,1,,
SAJ,1,,
SALEE,1,,
SALEM,1,,
SALIC,1,,
SALMA,1,,
SALVI,1,,
SAM,1,,
SAMAR,1,,
SANSO,1,,
SAOD,1,,
SARAK,1,,
SARAR,1,,
SARBU,1,,
SARIN,1,,
SARU,1,,
SARUI,1,,
SATAU,1,,
SATCK,1,,
SATIO,1,,
SATLE,1,,
SATLI,1,,
SATLR,1,,
SATOM,1,,
SATU,1,,
SATUC,1,,
SATUL,1,,
SATUT,1,,
SATWN,1,,
SAUAR,1,,
SAUBR,1,,
SAUIN,1,,
SAURU,1,,
SAUSN,1,,
SAUT,1,,
SAZKI,1,,
SAZUG,1,,
SAZUR,1,,
SB,1,,
SBU,1,,
SCA,1,,
SCANI,1,,
SCB,1,,
SCHAM,1,,
SCHOO,1,,
SCIAN,1,,
SCIEN,1,,
SCIOR,1,,
SCLON,1,,
SCLOR,1,,
SCOIN,1,,
SCOTT,1,,
SCRAI,1,,
SCRC,1,,
SCU,1,,
SDART,1,,
SDILI,1,,
SE,1,,
SE/KI,1,,
SEA,1,,
SEABU,1,,
SEADO,1,,
SEALI,1,,
SEARA,1,,
SEARS,1,,
SEDAN,1,,
SEIRA,1,,
SELED,1,,
SEM,1,,
SEMBR,1,,
SEMNI,1,,
SENAT,1,,
SEON,1,,
SERR,1,,
SERYN,1,,
SETIA,1,,
SETIC,1,,
SETNA,1,,
SETUR,1,,
SFING,1,,
SFNI,1,,
SFOX,1,,
SH,1,,
SHA,1,,
SHE,1,,
SHEET,1,,
SHERZ,1,,
SHONZ,1,,
SHOX,1,,
SHRT,1,,
SHS,1,,
SHT,1,,
SHTLR,1,,
SIFT,1,,
SIGWR,1,,
SILEC,1,,
SILVR,1,,
SIMPE,1,,
SINAR,1,,
SINDO,1,,
SINGE,1,,
SINI,1,,
SION,1,,
SIRRI,1,,
SIS,1,,
SISCO,1,,
SITER,1,,
SJBH,1,,
SKT,1,,
SKTRN,1,,
SKYLI,1,,
SL/SH,1,,
SLAIV,1,,
SLANT,1,,
SLCIC,1,,
SLIBA,1,,
SLOUG,1,,
SMAIT,1,,
SMAKT,1,,
SMARK,1,,
SMSLY,1,,
SMTAR,1,,
SMTHR,1,,
SMX,1,,
SN,1,,
SNL,1,,
SNMT,1,,
SNZKI,1,,
SNZUK,1,,
SO/W,1,,
SOBC,1,,
SOCIN,1,,
SOICN,1,,
SOLA,1,,
SOLAN,1,,
SOLB,1,,
SOLBE,1,,
SOLED,1,,
SOLEG,1,,
SOLGC,1,,
SOLO,1,,
SOLU,1,,
SONIC,1,,
SONNG,1,,
SONTO,1,,
SORC,1,,
SOREC,1,,
SOT,1,,
SOTUR,1,,
SP-CO,1,,
SPAIN,1,,
SPE,1,,
SPENC,1,,
SPHIN,1,,
SPICE,1,,
SPIN,1,,
SPIND,1,,
SPING,1,,
SPINK,1,,
SPN,1,,
SPNNT,1,,
SPNSN,1,,
SPOCA,1,,
SPRIA,1,,
SPRIW,1,,
SPRR,1,,
SPRTN,1,,
SPRUT,1,,
SPX,1,,
SR,1,,
SRU,1,,
SRUMA,1,,
SSATU,1,,
SSL,1,,
SSS,1,,
ST NI,1,,
ST/CE,1,,
ST/LN,1,,
STAC,1,,
STACK,1,,
STAGE,1,,
STALL,1,,
STANL,1,,
STAR/,1,,
STASF,1,,
STAT,1,,
STAU,1,,
STEAR,1,,
STEIL,1,,
STEIN,1,,
STEL,1,,
STELI,1,,
STER4,1,,
STERC,1,,
STERE,1,,
STIRL,1,,
STNC,1,,
STON,1,,
STONG,1,,
STOOG,1,,
STOUS,1,,
STOUT,1,,
STOV,1,,
STRIT,1,,
STRKL,1,,
STROU,1,,
STRU,1,,
STUNT,1,,
STUTZ,1,,
STWER,1,,
SUABU,1,,
SUAKI,1,,
SUAR,1,,
SUATU,1,,
SUBAB,1,,
SUBAI,1,,
SUBAK,1,,
SUBAL,1,,
SUBD,1,,
SUBH,1,,
SUBM7,1,,
SUBMA,1,,
SUBNU,1,,
SUBOU,1,,
SUCAT,1,,
SUCON,1,,
SUDA,1,,
SUDAN,1,,
SUDEA,1,,
SUDN,1,,
SUDU,1,,
SUE,1,,
SUEUK,1,,
SUGAR,1,,
SUIMM,1,,
SUIU,1,,
SUIZK,1,,
SUK,1,,
SULEC,1,,
SULOA,1,,
SUMT,1,,
SUNKA,1,,
SUNL,1,,
SUNS,1,,
SUPP,1,,
SUPRT,1,,
SUPZ,1,,
SUR,1,,
SURAN,1,,
SURAU,1,,
SURD,1,,
SURE,1,,
SURKI,1,,
SURU,1,,
SUS,1,,
SUSH,1,,
SUTAR,1,,
SUTER,1,,
SUTUK,1,,
SUUZK,1,,
SUVAR,1,,
SUXZU,1,,
SUZ,1,,
SUZCH,1,,
SUZIU,1,,
SUZM,1,,
SUZNK,1,,
SUZS,1,,
SUZTI,1,,
SUZUM,1,,
SUZUN,1,,
SVC,1,,
SWATU,1,,
SWEET,1,,
SWTC,1,,
SWZUK,1,,
SXT,1,,
SXUS,1,,
SYEM,1,,
SYMBA,1,,
SYSRO,1,,
SYSRY,1,,
T,1,,
T0Y,1,,
T680T,1,,
TA TA,1,,
TABO,1,,
TAD,1,,
TAHO,1,,
TAILW,1,,
TAINE,1,,
TAKY,1,,
TALEN,1,,
TAM,1,,
TAMA,1,,
TANK/,1,,
TAO,1,,
TAOTO,1,,
TARA,1,,
TARC,1,,
TARCO,1,,
TATA,1,,
TAUR,1,,
TAURA,1,,
TAYER,1,,
TAYLO,1,,
TAYO,1,,
TCI9,1,,
TCKHM,1,,
TCM,1,,
TCNY,1,,
TDCO,1,,
TE BR,1,,
TEAM,1,,
TEDCO,1,,
TEENE,1,,
TELER,1,,
TELLA,1,,
TEM S,1,,
TEN,1,,
TENBZ,1,,
TENIS,1,,
TENSA,1,,
TENWO,1,,
TERA,1,,
TERLA,1,,
TESLI,1,,
TESLR,1,,
TET,1,,
TEXAS,1,,
TEXCA,1,,
THAM,1,,
THAN,1,,
THERM,1,,
THEUS,1,,
THEV,1,,
THEWE,1,,
THIEL,1,,
THKIN,1,,
THOMI,1,,
THORD,1,,
THRUX,1,,
TIDGA,1,,
TIE,1,,
TIEBR,1,,
TIERR,1,,
TIJN,1,,
TINCO,1,,
TINIJ,1,,
TINO,1,,
TINS,1,,
TINTR,1,,
TIO,1,,
TIOG,1,,
TIS4Q,1,,
TJILO,1,,
TL,1,,
TLC,1,,
TLE,1,,
TLF,1,,
TLK,1,,
TLL,1,,
TLN,1,,
TM,1,,
TMER,1,,
TMNK,1,,
TN,1,,
TNFIN,1,,
TNHIH,1,,
TNSEM,1,,
TNTER,1,,
TNTL,1,,
TNTON,1,,
TNUMP,1,,
TO,1,,
TODCE,1,,
TOLA,1,,
TOLYO,1,,
TONK,1,,
TOOY,1,,
TOR,1,,
TORPE,1,,
TOURI,1,,
TOWN,1,,
TOWNC,1,,
TOXDA,1,,
TOYON,1,,
TPTUM,1,,
TPY,1,,
TR LI,1,,
TR/KI,1,,
TR/R,1,,
TR/TC,1,,
TR/TR,1,,
TRAEK,1,,
TRAF,1,,
TRAKK,1,,
TRALE,1,,
TRALI,1,,
TRANC,1,,
TRAST,1,,
TRAUL,1,,
TRBUS,1,,
TRCHB,1,,
TRCR,1,,
TREK,1,,
TREMC,1,,
TREND,1,,
TREYN,1,,
TRG,1,,
TRGHT,1,,
TRH,1,,
TRIK,1,,
TRIL,1,,
TRILT,1,,
TRIML,1,,
TRIMU,1,,
TRIO,1,,
TRIOM,1,,
TRION,1,,
TRIR,1,,
TRISH,1,,
TRIUI,1,,
TRIUY,1,,
TRIYM,1,,
TRLC,1,,
TRLER,1,,
TRLL,1,,
TRLU,1,,
TRM,1,,
TRT V,1,,
TRTUM,1,,
TRUIN,1,,
TRUMI,1,,
TRVCH,1,,
TSUZU,1,,
TUDI,1,,
TUOTC,1,,
TURF,1,,
TUSC,1,,
TUSCU,1,,
TUUII,1,,
TVW,1,,
TW,1,,
TWIST,1,,
TWJ,1,,
TXAUB,1,,
TYOY,1,,
TYUND,1,,
TYVN,1,,
TYVNP,1,,
TZEIC,1,,
U-HAU,1,,
U.M,1,,
UB,1,,
UBAH,1,,
UBAII,1,,
UBARU,1,,
UCBC,1,,
UCL,1,,
UD 14,1,,
UD HI,1,,
UD RE,1,,
UD/NI,1,,
UD/VC,1,,
UDDEL,1,,
UDDSE,1,,
UDHAO,1,,
UDHIN,1,,
UDI,1,,
UDLIN,1,,
UDPRI,1,,
UDS,1,,
UESPA,1,,
UESWJ,1,,
UHILY,1,,
UHOOL,1,,
UHR,1,,
UHUAL,1,,
UIA,1,,
UII,1,,
UIL,1,,
UILIT,1,,
UIN7,1,,
UIS,1,,
UITCR,1,,
UITLI,1,,
UKE,1,,
UKHRS,1,,
ULISS,1,,
ULITI,1,,
ULITM,1,,
ULK,1,,
ULKWG,1,,
ULTMA,1,,
UMMAN,1,,
UN,1,,
UN/EX,1,,
UNC,1,,
UNCOL,1,,
UNEN,1,,
UNINE,1,,
UNITA,1,,
UNITI,1,,
UNIUS,1,,
UNR,1,,
UNT,1,,
UNTIC,1,,
UOL,1,,
UPS I,1,,
UPTOW,1,,
UR/MA,1,,
URKHR,1,,
URS,1,,
URTIL,1,,
US FO,1,,
US OT,1,,
USA,1,,
USO,1,,
USPA,1,,
USPS,1,,
UTEUR,1,,
UTHER,1,,
UTICI,1,,
UTIHL,1,,
UTIIT,1,,
UTILH,1,,
UTILS,1,,
UTLI,1,,
UTLMS,1,,
UTRMA,1,,
UTRUT,1,,
UTUIY,1,,
UTW M,1,,
UV,1,,
UWO,1,,
UXT,1,,
UZUSU,1,,
V /W,1,,
V HOO,1,,
V SOR,1,,
V V,1,,
V-STA,1,,
V/O,1,,
V1D,1,,
V3603,1,,
V5,1,,
VA NI,1,,
VA/CA,1,,
VA/CO,1,,
VABAS,1,,
VAC,1,,
VACAT,1,,
VACO,1,,
VAH,1,,
VAHHO,1,,
VAHN,1,,
VAL H,1,,
VALCO,1,,
VALEN,1,,
VALER,1,,
VALID,1,,
VALKO,1,,
VALKS,1,,
VALKW,1,,
VALO,1,,
VALUH,1,,
VALUL,1,,
VALV,1,,
VALVO,1,,
VAMAH,1,,
VAMHO,1,,
VAN B,1,,
VAN S,1,,
VANC,1,,
VAND,1,,
VANEL,1,,
VANGR,1,,
VANHE,1,,
VANK,1,,
VANLO,1,,
VANLT,1,,
VANPO,1,,
VANS,1,,
VANTN,1,,
VANTO,1,,
VANVO,1,,
VANWH,1,,
VANWO,1,,
VANX,1,,
VARH,1,,
VARHC,1,,
VATTO,1,,
VB,1,,
VBESP,1,,
VBIKI,1,,
VCL,1,,
VCO,1,,
VDA47,1,,
VDG,1,,
VDSM,1,,
VE5,1,,
VEA,1,,
VEHOL,1,,
VEITI,1,,
VELO,1,,
VEMRI,1,,
VENOY,1,,
VENTU,1,,
VEOPA,1,,
VEPSA,1,,
VERA,1,,
VERES,1,,
VERMI,1,,
VESA,1,,
VESBA,1,,
VESDA,1,,
VESGE,1,,
VESKA,1,,
VESPD,1,,
VESPG,1,,
VESPN,1,,
VESPO,1,,
VESPR,1,,
VESQU,1,,
VGRND,1,,
VGWB,1,,
VHHL,1,,
VHIVM,1,,
VHL,1,,
VHNL,1,,
VHOOP,1,,
VHRUS,1,,
VICAT,1,,
VIINI,1,,
VIKSW,1,,
VISIO,1,,
VIVA,1,,
VJML,1,,
VKNHO,1,,
VKSUG,1,,
VKSW,1,,
VKSWN,1,,
VKWGN,1,,
VLG,1,,
VLIES,1,,
VLKWG,1,,
VMA,1,,
VMAX,1,,
VMO,1,,
VNGM,1,,
VNHO,1,,
VNHR,1,,
VNRO,1,,
VO WA,1,,
VO/HO,1,,
VOCAS,1,,
VOCIS,1,,
VOE,1,,
VOHIO,1,,
VOIHO,1,,
VOILK,1,,
VOIVO,1,,
VOKD,1,,
VOKGA,1,,
VOKJS,1,,
VOKKS,1,,
VOKLS,1,,
VOL/W,1,,
VOLB,1,,
VOLC,1,,
VOLDW,1,,
VOLGW,1,,
VOLHW,1,,
VOLK-,1,,
VOLKC,1,,
VOLKI,1,,
VOLKK,1,,
VOLKP,1,,
VOLLE,1,,
VOLLO,1,,
VOLLY,1,,
VOLOW,1,,
VOLTI,1,,
VOLTZ,1,,
VOLVG,1,,
VOLW,1,,
VOO J,1,,
VOOL,1,,
VOOLV,1,,
VOPLK,1,,
VORTE,1,,
VOSW,1,,
VOTON,1,,
VOVLS,1,,
VOVLV,1,,
VOW,1,,
VOX N,1,,
VOX W,1,,
VOXW,1,,
VOXWA,1,,
VOYOG,1,,
VOZ,1,,
VP,1,,
VP VP,1,,
VP;LS,1,,
VP6,1,,
VPA,1,,
VQW,1,,
VRL,1,,
VSPA,1,,
VSTOR,1,,
VSUZU,1,,
VT,1,,
VTH,1,,
VTILI,1,,
VU/HO,1,,
VVOLK,1,,
VW/VO,1,,
VW3,1,,
VWAGA,1,,
VWAGE,1,,
VWBOG,1,,
VWG,1,,
VWJ,1,,
VWT,1,,
VX,1,,
VYGN,1,,
VYKWB,1,,
VYR,1,,
VYSE,1,,
W C,1,,
W H S,1,,
W JET,1,,
W WAG,1,,
W/BO,1,,
W/O,1,,
W/O C,1,,
W/O H,1,,
W/V,1,,
WA,1,,
WA HO,1,,
WA/HO,1,,
WAA,1,,
WABAC,1,,
WABAD,1,,
WABAR,1,,
WABAT,1,,
WABC,1,,
WABI,1,,
WABRA,1,,
WABRE,1,,
WABSH,1,,
WAC,1,,
WADAB,1,,
WADAT,1,,
WADS,1,,
WAGEN,1,,
WAGN,1,,
WAH V,1,,
WAHHW,1,,
WAHLE,1,,
WAHLM,1,,
WAHNC,1,,
WAINC,1,,
WAIR,1,,
WALAS,1,,
WALLY,1,,
WAN,1,,
WAN C,1,,
WANCC,1,,
WANO,1,,
WAORK,1,,
WARC,1,,
WASAS,1,,
WASER,1,,
WASH,1,,
WASHA,1,,
WASTE,1,,
WATER,1,,
WBS,1,,
WBSTE,1,,
WC/CH,1,,
WCH,1,,
WE/FA,1,,
WEB,1,,
WEBB,1,,
WEH V,1,,
WELLC,1,,
WEN C,1,,
WENTE,1,,
WERTZ,1,,
WESTB,1,,
WESTL,1,,
WESTN,1,,
WESTO,1,,
WESTS,1,,
WFMI,1,,
WFW,1,,
WGHST,1,,
WH/CH,1,,
WH/HT,1,,
WH/LN,1,,
WH/RO,1,,
WHCR,1,,
WHGM,1,,
WHHO,1,,
WHINE,1,,
WHIR,1,,
WHITN,1,,
WHNE,1,,
WHORE,1,,
WHORK,1,,
WHRS,1,,
WHS,1,,
WHWV,1,,
WI/CH,1,,
WIBN,1,,
WICAN,1,,
WICK,1,,
WIF/H,1,,
WIIM,1,,
WILDF,1,,
WINHN,1,,
WINNF,1,,
WIORK,1,,
WISSA,1,,
WIT,1,,
WITZC,1,,
WJHS,1,,
WK H,1,,
WK HO,1,,
WK/ H,1,,
WKDHR,1,,
WKH B,1,,
WKHBE,1,,
WKHE,1,,
WKHFA,1,,
WKHOU,1,,
WKR,1,,
WKRHR,1,,
WKSH,1,,
WL/HO,1,,
WLHO,1,,
WLKHR,1,,
WLKS,1,,
WLKSW,1,,
WLLS,1,,
WMT,1,,
WNIG,1,,
WNK,1,,
WO /,1,,
WO /C,1,,
WO CR,1,,
WO GB,1,,
WO HD,1,,
WO HE,1,,
WO HR,1,,
WO IG,1,,
WO LL,1,,
WO MS,1,,
WO/BE,1,,
WO/CL,1,,
WO/CM,1,,
WO/CR,1,,
WO/HD,1,,
WO/HR,1,,
WO/KS,1,,
WO/LT,1,,
WO/RO,1,,
WO/TH,1,,
WO0RK,1,,
WOBER,1,,
WOHR,1,,
WOIRK,1,,
WOK,1,,
WOK D,1,,
WOKCH,1,,
WOKN,1,,
WOKS,1,,
WOLAO,1,,
WOLDI,1,,
WOLKH,1,,
WOLKW,1,,
WOLV,1,,
WOLVS,1,,
WONCH,1,,
WORHD,1,,
WORHK,1,,
WORHT,1,,
WORJK,1,,
WORK-,1,,
"WORK,",1,,
WORKC,1,,
WORKG,1,,
WORKL,1,,
WORKN,1,,
WORLC,1,,
WORT,1,,
WORTE,1,,
WORTM,1,,
WORTS,1,,
WORW,1,,
WOSTO,1,,
WOV,1,,
WOW,1,,
WOZHT,1,,
WPB,1,,
WPRKH,1,,
WPRL,1,,
WQ,1,,
WR KH,1,,
WRHA,1,,
WRHRS,1,,
WRKBE,1,,
WRKC,1,,
WRKDE,1,,
WRKHV,1,,
WRKHW,1,,
WRKN,1,,
WRKSH,1,,
WRKW,1,,
WRLDE,1,,
WRLH,1,,
WST,1,,
WT/BL,1,,
WT/MN,1,,
WTCH,1,,
WTIL,1,,
WTME,1,,
WUY,1,,
WUZY,1,,
WVL,1,,
WWANC,1,,
WWGN,1,,
WWHIL,1,,
WYUE,1,,
X,1,,
XCHRY,1,,
XCOM,1,,
XENON,1,,
XIONG,1,,
XLSP,1,,
XM,1,,
XN,1,,
XRLY,1,,
XTASC,1,,
XUO,1,,
XVJ,1,,
XYS,1,,
Y HAU,1,,
YA MA,1,,
YAGS,1,,
YAKIH,1,,
YALG,1,,
YAMHM,1,,
YAMMH,1,,
YAN,1,,
YANGH,1,,
YANIE,1,,
YANMA,1,,
YARA,1,,
YARB,1,,
YAWAH,1,,
YCM,1,,
YD,1,,
YHAND,1,,
YHRVS,1,,
YHYS,1,,
YIA,1,,
YINJ,1,,
YJIZI,1,,
YMCHS,1,,
YNI,1,,
YNS,1,,
YOLAS,1,,
YONGF,1,,
YOTOT,1,,
YR,1,,
YRE,1,,
YT,1,,
YUCAN,1,,
YUJS,1,,
YUND,1,,
YUNDA,1,,
YUNOH,1,,
YUW,1,,
YVFBV,1,,
YWB,1,,
YWGN,1,,
YYORK,1,,
YYUNH,1,,
YYUNI,1,,
Z25II,1,,
ZAI2,1,,
ZAM,1,,
ZATE,1,,
ZAZ,1,,
ZEN,1,,
ZHEJI,1,,
ZHONG,1,,
ZIBM,1,,
ZIWV,1,,
ZJHL,1,,
ZLDNB,1,,
ZNEN,1,,
ZNF,1,,
ZOCEX,1,,
ZOODI,1,,
ZU,1,,
ZUK,1,,
ZULTC,1,,
ZUM,1,,
ZUMAX,1,,
ZUMIA,1,,
ZUTER,1,,
ZUZKI,1,,
ZXY,1,,
ZXYV,1,,
ZYWIC,1,,